gene,nct,start,status,phase
AFM,NCT00294177,2006-08,UNKNOWN,
AFM,NCT01221571,2010-10,COMPLETED,PHASE1
AKR1B10,NCT07147335,2025-05-16,RECRUITING,
ANPEP,NCT06385340,2024-04-23,RECRUITING,NA
AQP4,NCT06941584,2024-11-06,RECRUITING,
B2M,NCT03751397,2018-12-17,COMPLETED,
CA9,NCT00003102,1998-11-17,COMPLETED,PHASE1
CA9,NCT00203866,2003-10,TERMINATED,PHASE2
CA9,NCT00942058,2009-06,TERMINATED,
CA9,NCT00493376,2007-08,TERMINATED,
CA9,NCT00199875,2005-07-06,COMPLETED,PHASE1
CA9,NCT01253668,2011-11,TERMINATED,PHASE2
CA9,NCT07551349,2026-02-02,RECRUITING,PHASE1
CD24,NCT03960541,2020-08-31,TERMINATED,PHASE2
CD24,NCT04747574,2020-09-25,UNKNOWN,PHASE1
CD24,NCT04907422,2018-08-06,COMPLETED,
CD24,NCT04552704,2020-10-30,TERMINATED,PHASE1
CD74,NCT02603315,2015-10,COMPLETED,
CD74,NCT02761863,2019-07-30,UNKNOWN,
CDH17,NCT06937567,2024-12-26,RECRUITING,EARLY_PHASE1
CDH17,NCT06042296,2023-10,UNKNOWN,
CDH17,NCT02025413,2011-11,COMPLETED,NA
CDH17,NCT06820424,2025-03,RECRUITING,EARLY_PHASE1
CDH17,NCT06501183,2024-07-08,UNKNOWN,PHASE1
CEACAM5,NCT00003433,1998-06,COMPLETED,PHASE1
CEACAM5,NCT00012246,2002-07,TERMINATED,PHASE2
CEACAM5,NCT00003432,1998-06,TERMINATED,PHASE1
CEACAM5,NCT00390299,2006-10-23,COMPLETED,PHASE1
CEACAM5,NCT00003434,1998-06,TERMINATED,PHASE1
CEACAM5,NCT03384316,2018-01-31,COMPLETED,PHASE1
CEACAM5,NCT00408590,2004-04-19,COMPLETED,PHASE1
CLDN6,NCT05410717,2022-06-01,RECRUITING,PHASE1
CLDN6,NCT04503278,2020-09-16,ACTIVE_NOT_RECRUITING,PHASE1
CLDN6,NCT06940804,2025-07,WITHDRAWN,PHASE2
CYP2C9,NCT07486713,2026-02-23,RECRUITING,PHASE4
CYP2C9,NCT07704658,2026-03-04,RECRUITING,PHASE4
DCT,NCT04076696,2020-08-26,COMPLETED,NA
EGFR,NCT03269526,2017-07-28,COMPLETED,PHASE1
EGFR,NCT06479239,2024-11-06,RECRUITING,PHASE1
EGFR,NCT03881787,2017-04-19,COMPLETED,PHASE1
EGFR,NCT03008109,2017-02,UNKNOWN,PHASE3
EGFR,NCT00600054,2007-10,COMPLETED,PHASE2
EGFR,NCT04552613,2020-11-23,COMPLETED,NA
EGFR,NCT07617805,2026-03-02,RECRUITING,PHASE1
EGFR,NCT06314997,2019-01-14,RECRUITING,PHASE2
EGFR,NCT04009681,2019-06-20,TERMINATED,PHASE1
EGFR,NCT03123484,2017-04,UNKNOWN,PHASE2
EGFR,NCT03050411,2016-05,UNKNOWN,PHASE1
EGFR,NCT07497919,2026-09-01,RECRUITING,PHASE2
EGFR,NCT07217028,2026-04-24,RECRUITING,PHASE1
EGFR,NCT04236102,2020-07-07,COMPLETED,NA
EGFR,NCT07271446,2018-09-01,COMPLETED,PHASE1
EGFR,NCT01776684,2012-06,UNKNOWN,NA
EGFR,NCT04584008,2020-09-23,ACTIVE_NOT_RECRUITING,NA
EGFR,NCT04136600,2019-07-01,UNKNOWN,PHASE2
EGFR,NCT03017807,2016-12-30,COMPLETED,PHASE1
EGFR,NCT07094893,2026-09-15,NOT_YET_RECRUITING,PHASE4
EGFR,NCT07398599,2026-02-15,RECRUITING,NA
EGFR,NCT01788163,2013-02-27,COMPLETED,NA
EGFR,NCT07768189,2026-09-20,NOT_YET_RECRUITING,PHASE3
EGFR,NCT05698264,2023-01-20,NOT_YET_RECRUITING,NA
EGFR,NCT05341492,2022-05-01,RECRUITING,EARLY_PHASE1
EGFR,NCT04197934,2019-12-20,ACTIVE_NOT_RECRUITING,PHASE1
EGFR,NCT06665087,2024-11,NOT_YET_RECRUITING,PHASE2
EGFR,NCT00862524,2009-03,COMPLETED,PHASE1
EGFR,NCT01869166,2013-05,UNKNOWN,PHASE1
EGFR,NCT07708961,2026-08-28,SUSPENDED,PHASE2
EGFR,NCT01000740,2009-08,COMPLETED,PHASE4
EGFR,NCT07715734,2026-09-30,NOT_YET_RECRUITING,PHASE2
EGFR,NCT06613633,2018-09-01,COMPLETED,
EGFR,NCT04254497,2014-09-11,COMPLETED,
EGFR,NCT00903461,2012-04,TERMINATED,PHASE1
EGFR,NCT01454596,2012-05-16,COMPLETED,PHASE1
EGFR,NCT03258671,2017-10-01,UNKNOWN,NA
EGFR,NCT02815007,2016-06,UNKNOWN,PHASE2
EGFR,NCT05802693,2023-11-15,UNKNOWN,EARLY_PHASE1
EGFR,NCT04401059,2020-11-09,UNKNOWN,PHASE4
EGFR,NCT07338396,2026-01,NOT_YET_RECRUITING,
EGFR,NCT07637448,2026-05-21,RECRUITING,PHASE2
EGFR,NCT07621497,2026-06-01,NOT_YET_RECRUITING,PHASE2
EGFR,NCT03152435,2017-06-15,UNKNOWN,PHASE1
EGFR,NCT01534585,2012-02,COMPLETED,PHASE1
EGFR,NCT05704985,2023-04-03,ACTIVE_NOT_RECRUITING,PHASE1
EGFR,NCT04304638,2020-03,UNKNOWN,
EGFR,NCT07686185,2026-09-01,NOT_YET_RECRUITING,
EGFR,NCT04739111,2021-01-29,COMPLETED,PHASE1
EGFR,NCT07822984,2026-10,NOT_YET_RECRUITING,PHASE2
EGFR,NCT04842812,2021-01-01,RECRUITING,PHASE1
EGFR,NCT04153799,2019-11-01,UNKNOWN,PHASE1
EGFR,NCT04806412,2021-03-15,RECRUITING,NA
EGFR,NCT03002844,2016-12,UNKNOWN,PHASE2
EGFR,NCT03344250,2018-03-01,COMPLETED,PHASE1
EGFR,NCT07343479,2026-05-01,NOT_YET_RECRUITING,PHASE2
EGFR,NCT07343986,2026-03-23,RECRUITING,PHASE1
EGFR,NCT06441045,2024-10-01,NOT_YET_RECRUITING,PHASE2
EGFR,NCT04137536,2019-10-17,ACTIVE_NOT_RECRUITING,PHASE1
EGFR,NCT00833326,2009-01,COMPLETED,PHASE1
EGFR,NCT01998061,2013-12,UNKNOWN,PHASE2
EGFR,NCT03461185,2018-05-01,UNKNOWN,PHASE2
EGFR,NCT04077255,2019-09-01,UNKNOWN,PHASE2
EGFR,NCT01910610,2013-10-30,UNKNOWN,PHASE3
EGFR,NCT04197076,2019-02-25,UNKNOWN,
EGFR,NCT02353741,2015-04,TERMINATED,PHASE2
EGFR,NCT02831842,2016-06-09,COMPLETED,
EGFR,NCT07209241,2025-12-03,ACTIVE_NOT_RECRUITING,PHASE1
EGFR,NCT07837739,2025-07-02,RECRUITING,
EGFR,NCT07505173,2026-01-01,RECRUITING,PHASE2
EGFR,NCT07790510,2026-08-12,RECRUITING,PHASE1
EGFR,NCT03693807,2018-10-18,COMPLETED,PHASE2
EGFR,NCT04912687,2022-01-01,COMPLETED,NA
EGFR,NCT02833766,2016-10-28,TERMINATED,PHASE2
EGFR,NCT00009841,1999-03,COMPLETED,PHASE1
EGFR,NCT04668976,2020-11-25,UNKNOWN,PHASE2
EGFR,NCT02250846,2015-01,UNKNOWN,PHASE2
EGFR,NCT00278902,2006-01,COMPLETED,PHASE1
EGFR,NCT07089641,2025-07-28,RECRUITING,PHASE1
EGFR,NCT04261725,2020-02-24,COMPLETED,
EGFR,NCT00637702,2008-02,COMPLETED,PHASE1
EGFR,NCT02788058,2016-05,UNKNOWN,PHASE2
EGFR,NCT06604689,2024-09-30,RECRUITING,
EGFR,NCT03491709,2018-07-01,COMPLETED,PHASE1
EGFR,NCT06973096,2025-07-18,ACTIVE_NOT_RECRUITING,PHASE1
EGFR,NCT04595266,2021-06-29,ACTIVE_NOT_RECRUITING,PHASE2
EGFR,NCT01702129,2007-01,COMPLETED,PHASE1
EGFR,NCT04508829,2016-01-01,UNKNOWN,PHASE2
EGFR,NCT06634667,2024-11-30,NOT_YET_RECRUITING,PHASE2
EGFR,NCT02211443,2015-01,UNKNOWN,PHASE1
EGFR,NCT06020066,2023-08-10,ACTIVE_NOT_RECRUITING,PHASE2
EGFR,NCT04974866,2021-07-01,UNKNOWN,PHASE2
EGFR,NCT03360734,2017-11-02,COMPLETED,PHASE1
EGFR,NCT06606301,2023-08-26,COMPLETED,
EGFR,NCT04962191,2021-08,UNKNOWN,
EGFR,NCT00973310,2009-10,UNKNOWN,PHASE2
EGFR,NCT03198052,2017-07-01,RECRUITING,PHASE1
EGFR,NCT04976218,2022-03-15,UNKNOWN,PHASE1
EGFR,NCT02714010,2015-08,UNKNOWN,PHASE3
EGFR,NCT03382795,2018-01-03,UNKNOWN,PHASE2
EGFR,NCT07669051,2026-01-01,ACTIVE_NOT_RECRUITING,PHASE2
EGFR,NCT01100827,2013-02,UNKNOWN,
EGFR,NCT05168423,2023-02-24,ACTIVE_NOT_RECRUITING,PHASE1
EGFR,NCT04983121,2021-08-01,RECRUITING,PHASE2
EGFR,NCT06156878,2022-08-01,UNKNOWN,PHASE2
EGFR,NCT07472933,2026-08-01,NOT_YET_RECRUITING,PHASE2
EGFR,NCT07544992,2026-05-26,RECRUITING,PHASE1
EGFR,NCT00620139,2005-03,COMPLETED,
EGFR,NCT01592721,2013-04,COMPLETED,PHASE1
EGFR,NCT01730118,2013-03-04,COMPLETED,PHASE1
EGFR,NCT04487093,2020-05-17,UNKNOWN,PHASE1
EGFR,NCT06168552,2023-12-15,UNKNOWN,PHASE1
EGFR,NCT03817567,2018-07-17,UNKNOWN,PHASE1
EGFR,NCT00710736,2008-06,COMPLETED,PHASE1
EGFR,NCT07628855,2026-05-14,NOT_YET_RECRUITING,PHASE2
EGFR,NCT06185400,2024-02-01,NOT_YET_RECRUITING,PHASE2
EGFR,NCT04775862,2021-02-21,UNKNOWN,PHASE2
EGFR,NCT06452433,2024-06-01,NOT_YET_RECRUITING,PHASE2
EGFR,NCT07327411,2025-12-27,NOT_YET_RECRUITING,PHASE2
EGFR,NCT02859077,2016-08,UNKNOWN,PHASE3
EGFR,NCT06802835,2025-07-09,RECRUITING,PHASE1
EGFR,NCT03182816,2017-06-07,UNKNOWN,PHASE1
EGFR,NCT07267247,2022-06-01,COMPLETED,
EGFR,NCT03623750,2018-07-06,COMPLETED,PHASE1
EGFR,NCT03542799,2018-05-22,UNKNOWN,PHASE1
EGFR,NCT03713372,2018-11-28,UNKNOWN,PHASE2
EGFR,NCT03811054,2018-12-01,UNKNOWN,PHASE2
EGFR,NCT02766699,2016-10-25,COMPLETED,PHASE1
EGFR,NCT07036016,2015-01-01,COMPLETED,
EGFR,NCT05060796,2019-09-01,RECRUITING,EARLY_PHASE1
EGFR,NCT06322095,2024-03-22,UNKNOWN,PHASE2
EGFR,NCT07185997,2025-12-17,RECRUITING,PHASE3
EGFR,NCT03428022,2017-12-01,UNKNOWN,PHASE3
EGFR,NCT04324164,2020-03-24,RECRUITING,
EGFR,NCT02069730,2014-06,COMPLETED,NA
EGFR,NCT01745302,2011-11,UNKNOWN,
EGFR,NCT06542588,2024-07-19,RECRUITING,PHASE2
EGFR,NCT04764214,2021-03-01,COMPLETED,PHASE2
EGFR,NCT02331693,2014-12,UNKNOWN,PHASE1
EGFR,NCT03744208,2018-12-30,UNKNOWN,PHASE2
EGFR,NCT06595498,2024-07-01,COMPLETED,NA
EGFR,NCT06924398,2025-04-20,RECRUITING,PHASE2
EGFR,NCT03428958,2018-10-05,COMPLETED,PHASE1
EGFR,NCT03727867,2019-06-01,UNKNOWN,PHASE3
EGFR,NCT03405272,2018-02-12,UNKNOWN,PHASE2
EGFR,NCT07686445,2026-09-23,NOT_YET_RECRUITING,PHASE1
EGFR,NCT03389256,2018-12-30,UNKNOWN,PHASE2
EGFR,NCT05002270,2021-09-03,COMPLETED,PHASE1
EPCAM,NCT00189345,2004-05,COMPLETED,PHASE2
EPCAM,NCT03563326,2018-08-30,UNKNOWN,PHASE1
EPCAM,NCT02729493,2015-11-14,UNKNOWN,NA
EPCAM,NCT02080650,2014-03,COMPLETED,NA
EPCAM,NCT02915445,2016-07,UNKNOWN,PHASE1
EPCAM,NCT04151186,2019-11-20,UNKNOWN,NA
EPCAM,NCT07644403,2026-03-05,ENROLLING_BY_INVITATION,PHASE1
EPCAM,NCT06093698,2023-12-01,NOT_YET_RECRUITING,PHASE1
EPCAM,NCT05028933,2021-09-30,UNKNOWN,PHASE1
EPCAM,NCT02725125,2015-11,UNKNOWN,NA
GP2,NCT03014076,2008-01,COMPLETED,PHASE1
GP2,NCT00524277,2007-01,COMPLETED,PHASE2
HLA-A,NCT02461121,2004-05,COMPLETED,PHASE3
HLA-A,NCT01949701,2011-08,COMPLETED,PHASE1
HLA-A,NCT00874588,2009-03,COMPLETED,PHASE1
HLA-A,NCT00365937,2006-08,TERMINATED,PHASE1
HLA-A,NCT01082198,2002-10,UNKNOWN,PHASE1
HLA-A,NCT01950156,2011-09,COMPLETED,PHASE1
HLA-A,NCT05751798,2022-12-20,RECRUITING,PHASE1
HLA-A,NCT07645469,2026-10-15,RECRUITING,PHASE1
HLA-A,NCT01069640,2010-02,COMPLETED,PHASE1
HLA-A,NCT00145158,2005-01,TERMINATED,PHASE1
HLA-A,NCT01949688,2010-06,COMPLETED,PHASE1
HLA-A,NCT01095848,2010-03,COMPLETED,PHASE1
HLA-A,NCT07485296,2026-01-27,RECRUITING,PHASE2
HLA-A,NCT01714830,2011-08,UNKNOWN,NA
HLA-A,NCT01069653,2010-02,COMPLETED,PHASE1
HLA-A,NCT01861938,2017-03,WITHDRAWN,PHASE2
HLA-A,NCT05989828,2024-12-17,RECRUITING,PHASE1
HLA-A,NCT02358187,2015-01,RECRUITING,PHASE2
HLA-A,NCT02153905,2014-07-03,TERMINATED,PHASE1
HLA-A,NCT00683085,2008-05,TERMINATED,PHASE1
HLA-A,NCT01130077,2009-02,COMPLETED,PHASE1
HLA-A,NCT00633724,2007-05,COMPLETED,PHASE1
HLA-A,NCT01069575,2010-02,COMPLETED,PHASE1
HLA-A,NCT01795313,2012-08,TERMINATED,PHASE1
HLA-A,NCT02530034,2019-01-31,ACTIVE_NOT_RECRUITING,PHASE1
HLA-B,NCT05751798,2022-12-20,RECRUITING,PHASE1
HLA-B,NCT07093827,2020-01-01,ACTIVE_NOT_RECRUITING,
HLA-C,NCT02461121,2004-05,COMPLETED,PHASE3
HLA-C,NCT01716793,1998-09,COMPLETED,PHASE2
HLA-C,NCT05751798,2022-12-20,RECRUITING,PHASE1
MSLN,NCT05410717,2022-06-01,RECRUITING,PHASE1
MSLN,NCT03692637,2019-03,UNKNOWN,EARLY_PHASE1
MSLN,NCT03747965,2018-11,UNKNOWN,PHASE1
MSLN,NCT04809766,2021-12-14,TERMINATED,PHASE1
MSLN,NCT02792114,2016-06,ACTIVE_NOT_RECRUITING,PHASE1
MSLN,NCT07420010,2026-03-15,NOT_YET_RECRUITING,EARLY_PHASE1
MSLN,NCT05531708,2021-04-02,WITHDRAWN,PHASE1
MSLN,NCT05373147,2020-10-30,UNKNOWN,EARLY_PHASE1
MSLN,NCT04027946,2019-09-11,TERMINATED,PHASE2
MSLN,NCT07627711,2026-03-02,RECRUITING,PHASE1
MSLN,NCT05375825,2024-01-31,WITHDRAWN,PHASE1
MSLN,NCT05848999,2023-04-27,UNKNOWN,PHASE1
MSLN,NCT04842812,2021-01-01,RECRUITING,PHASE1
MSLN,NCT02930993,2016-08,UNKNOWN,PHASE1
MSLN,NCT04503980,2020-03-26,UNKNOWN,EARLY_PHASE1
MSLN,NCT03030001,2017-02-15,UNKNOWN,PHASE1
MSLN,NCT05783089,2023-04,NOT_YET_RECRUITING,PHASE1
MSLN,NCT05944185,2023-09,UNKNOWN,PHASE1
MSLN,NCT06248697,2023-01-01,RECRUITING,EARLY_PHASE1
MSLN,NCT07480928,2026-02-02,RECRUITING,PHASE1
MSLN,NCT04489862,2020-05-13,UNKNOWN,EARLY_PHASE1
MSLN,NCT01393483,2011-03,COMPLETED,
MSLN,NCT05344976,2022-04-14,UNKNOWN,PHASE1
MSLN,NCT07010523,2024-10-15,RECRUITING,NA
MSLN,NCT06843629,2024-10-01,RECRUITING,
MSLN,NCT06885697,2025-07-08,RECRUITING,PHASE1
MSLN,NCT04034238,2019-08-29,COMPLETED,PHASE1
MSLN,NCT00585845,2007-12,TERMINATED,PHASE1
MSLN,NCT01583686,2012-05-04,TERMINATED,PHASE1
MSLN,NCT03198052,2017-07-01,RECRUITING,PHASE1
MSLN,NCT05568680,2023-03-30,RECRUITING,PHASE1
MSLN,NCT05623488,2023-02-06,TERMINATED,PHASE1
MSLN,NCT05372692,2022-04-12,COMPLETED,NA
MSLN,NCT05693844,2023-01-20,RECRUITING,PHASE1
MSLN,NCT03545815,2018-03-19,UNKNOWN,PHASE1
MSLN,NCT00024687,2000-11,WITHDRAWN,PHASE1
MSLN,NCT07066995,2025-04-29,RECRUITING,PHASE1
MSLN,NCT06054308,2024-02-02,WITHDRAWN,NA
MSLN,NCT01897415,2013-07,COMPLETED,PHASE1
MSLN,NCT02029105,2004-01,COMPLETED,
MSLN,NCT02810418,2016-08-03,COMPLETED,PHASE1
NMB,NCT02266056,2014-08,COMPLETED,NA
NMB,NCT02713113,2015-03,COMPLETED,PHASE3
NMB,NCT02327494,2015-01,UNKNOWN,
NMB,NCT04124757,2020-02-11,COMPLETED,NA
NMB,NCT01804933,2012-07,UNKNOWN,PHASE4
NMB,NCT02812186,2016-12-27,COMPLETED,PHASE4
NMB,NCT04609410,2020-10-30,TERMINATED,NA
NMB,NCT07485517,2026-06-01,RECRUITING,NA
NMB,NCT04259112,2020-10-01,UNKNOWN,NA
NMB,NCT07730970,2026-07-01,RECRUITING,NA
NMB,NCT07395375,2026-03-01,NOT_YET_RECRUITING,NA
NMB,NCT03937440,2019-07-03,COMPLETED,NA
NMB,NCT01871064,2012-12,COMPLETED,
NMB,NCT03063255,2017-04-25,COMPLETED,PHASE4
NMB,NCT03210376,2017-11-17,COMPLETED,PHASE4
OLFM4,NCT02653105,2016-03-08,ACTIVE_NOT_RECRUITING,NA
PRAME,NCT01853878,2013-06-12,COMPLETED,PHASE2
PRAME,NCT07686367,2026-11-23,NOT_YET_RECRUITING,PHASE2
PRAME,NCT02405338,2015-03,COMPLETED,PHASE1
PRAME,NCT00423254,2007-02,COMPLETED,PHASE1
PSCA,NCT05805371,2024-10-09,RECRUITING,PHASE1
PSCA,NCT04842812,2021-01-01,RECRUITING,PHASE1
PSCA,NCT03198052,2017-07-01,RECRUITING,PHASE1
PSCA,NCT03873805,2019-08-20,ACTIVE_NOT_RECRUITING,PHASE1
PSCA,NCT02092948,2013-08-22,COMPLETED,PHASE1
S100A9,NCT06210724,2023-10-09,UNKNOWN,
S100A9,NCT03557216,2018-06-15,COMPLETED,NA
S100A9,NCT05514561,2020-03-22,COMPLETED,
S100A9,NCT07089420,2025-07-07,COMPLETED,
S100A9,NCT04321863,2020-08-13,UNKNOWN,
S100A9,NCT05886322,2022-06-07,UNKNOWN,
S100A9,NCT07712107,2026-06-15,RECRUITING,NA
SPP1,NCT04274504,2015-01,COMPLETED,
SPP1,NCT02029105,2004-01,COMPLETED,
TACSTD2,NCT06793332,2024-12-17,RECRUITING,PHASE2
TACSTD2,NCT06066424,2023-10-24,RECRUITING,PHASE1
TACSTD2,NCT06454890,2024-08-01,NOT_YET_RECRUITING,PHASE1
TACSTD2,NCT05922930,2023-10-11,ACTIVE_NOT_RECRUITING,PHASE1
TACSTD2,NCT06358430,2024-12-02,ACTIVE_NOT_RECRUITING,PHASE1
TACSTD2,NCT06851299,2025-03-01,RECRUITING,PHASE2
TACSTD2,NCT06145308,2023-08-15,RECRUITING,PHASE2
TACSTD2,NCT04601285,2020-10-28,TERMINATED,PHASE1
TACSTD2,NCT07471776,2026-03-11,RECRUITING,PHASE2
TACSTD2,NCT07685197,2026-07,NOT_YET_RECRUITING,PHASE2
TACSTD2,NCT07553390,2026-10-01,NOT_YET_RECRUITING,PHASE1
TACSTD2,NCT05535218,2023-09-20,ACTIVE_NOT_RECRUITING,PHASE2
TACSTD2,NCT05824325,2023-03-14,ACTIVE_NOT_RECRUITING,PHASE1
TACSTD2,NCT07631013,2026-12-31,NOT_YET_RECRUITING,PHASE1
TACSTD2,NCT05749588,2023-03-30,RECRUITING,PHASE2
TACSTD2,NCT07419867,2026-03-01,NOT_YET_RECRUITING,PHASE2
VIM,NCT04549584,2020-10-01,TERMINATED,
VIM,NCT03683680,2018-10-31,RECRUITING,NA
VIM,NCT06926075,2025-11-07,RECRUITING,PHASE1
ALK,NCT07509684,2026-04,NOT_YET_RECRUITING,PHASE1
ALK,NCT07207278,2025-09-01,RECRUITING,
ALK,NCT04499794,2020-08-01,UNKNOWN,
ALK,NCT04806412,2021-03-15,RECRUITING,NA
ALK,NCT07529535,2025-06-05,SUSPENDED,PHASE1
ALK,NCT02372448,2015-01-23,COMPLETED,NA
ALK,NCT03546894,2018-07-23,COMPLETED,
ALK,NCT04197076,2019-02-25,UNKNOWN,
ALK,NCT05792644,2018-01-01,COMPLETED,NA
ALK,NCT07045610,2025-07-01,NOT_YET_RECRUITING,
ALK,NCT02010047,2013-12,COMPLETED,NA
ALK,NCT07826195,2026-09,NOT_YET_RECRUITING,PHASE2
ALK,NCT04912076,2018-09-17,COMPLETED,PHASE1
ALK,NCT03792568,2019-03-01,UNKNOWN,NA
ALK,NCT06322095,2024-03-22,UNKNOWN,PHASE2
ALK,NCT05142189,2022-06-17,RECRUITING,PHASE1
ATP7A,NCT06641024,2024-11-01,NOT_YET_RECRUITING,PHASE1
ATP7A,NCT06892145,2025-06-12,RECRUITING,PHASE1
ATP7A,NCT06180174,2023-12-31,RECRUITING,PHASE1
CT83,NCT05483491,2022-09-26,RECRUITING,PHASE1
CT83,NCT05035407,2022-03-08,TERMINATED,PHASE1
CTTN,NCT05070039,2021-07-01,COMPLETED,NA
KRAS,NCT03608631,2021-01-27,RECRUITING,PHASE1
KRAS,NCT04236102,2020-07-07,COMPLETED,NA
KRAS,NCT07004244,2025-06-05,RECRUITING,PHASE1
KRAS,NCT06015724,2024-01-31,ACTIVE_NOT_RECRUITING,PHASE2
KRAS,NCT04117087,2020-05-28,ACTIVE_NOT_RECRUITING,PHASE1
KRAS,NCT06767046,2025-02-18,ACTIVE_NOT_RECRUITING,PHASE1
KRAS,NCT02751177,2016-03-25,COMPLETED,NA
KRAS,NCT07145450,2025-07-03,RECRUITING,PHASE1
KRAS,NCT06645236,2023-12-22,RECRUITING,NA
KRAS,NCT03592888,2018-11-20,COMPLETED,PHASE1
KRAS,NCT02827565,2016-02-03,COMPLETED,NA
KRAS,NCT04146298,2021-10-21,RECRUITING,PHASE1
KRAS,NCT03190941,2017-09-21,RECRUITING,PHASE1
KRAS,NCT05347745,2022-01-07,COMPLETED,NA
KRAS,NCT02957266,2015-03,UNKNOWN,PHASE3
KRAS,NCT05360225,2020-04-02,COMPLETED,
KRAS,NCT06690281,2025-09-09,WITHDRAWN,PHASE2
KRAS,NCT02253251,2014-09,RECRUITING,
KRAS,NCT05631899,2023-04-03,ACTIVE_NOT_RECRUITING,PHASE1
KRAS,NCT07396090,2026-01-20,NOT_YET_RECRUITING,NA
KRAS,NCT04745130,2021-03-01,UNKNOWN,PHASE2
KRAS,NCT06253520,2024-05-16,ACTIVE_NOT_RECRUITING,PHASE1
KRAS,NCT05254184,2022-11-01,RECRUITING,PHASE1
KRAS,NCT05347797,2020-03-13,COMPLETED,NA
KRAS,NCT06218914,2024-03-22,RECRUITING,PHASE1
KRAS,NCT06411691,2024-11-04,RECRUITING,PHASE1
KRAS,NCT07745790,2026-07-13,NOT_YET_RECRUITING,PHASE2
KRAS,NCT05170360,2021-12,UNKNOWN,
KRAS,NCT05348187,2019-07-01,COMPLETED,NA
KRAS,NCT06449989,2024-04-01,RECRUITING,
KRAS,NCT07729917,2026-08-10,NOT_YET_RECRUITING,PHASE2
KRAS,NCT03745326,2019-05-16,TERMINATED,PHASE1
KRAS,NCT07353645,2026-03-23,RECRUITING,PHASE1
KRAS,NCT05002270,2021-09-03,COMPLETED,PHASE1
LAT,NCT06114108,2023-12-21,RECRUITING,NA
LAT,NCT02759835,2016-04-13,COMPLETED,PHASE2
LAT,NCT06620835,2025-06-19,RECRUITING,PHASE2
LAT,NCT07119463,2024-10-29,RECRUITING,PHASE2
LAT,NCT03827577,2019-10-01,UNKNOWN,PHASE3
LAT,NCT06356779,2024-04-15,RECRUITING,NA
LAT,NCT02911142,2017-07-03,ACTIVE_NOT_RECRUITING,PHASE1
MAL,NCT04185350,2019-05-05,UNKNOWN,EARLY_PHASE1
MAL,NCT02018679,2011-03,COMPLETED,PHASE1
MAL,NCT03325803,2015-09-01,COMPLETED,PHASE1
MAL,NCT00369018,2006-08,COMPLETED,PHASE1
MAL,NCT04085367,2019-09-30,COMPLETED,PHASE3
MAL,NCT02354391,2015-01,UNKNOWN,PHASE2
MAL,NCT03909646,2019-05-27,COMPLETED,PHASE4
MAL,NCT01482104,2012-06,COMPLETED,NA
MAL,NCT02248298,2012-01,COMPLETED,PHASE1
MAL,NCT04269395,2020-04-07,TERMINATED,PHASE3
MAL,NCT02878382,2016-10,COMPLETED,NA
MAL,NCT02736760,2016-03-03,COMPLETED,PHASE4
MAL,NCT01912976,2011-03,COMPLETED,PHASE1
MAL,NCT02670655,2014-06,COMPLETED,PHASE1
MAL,NCT02976727,2014-05,COMPLETED,PHASE1
MAL,NCT02799069,2008-04,COMPLETED,PHASE3
MAL,NCT06507644,2024-11-30,COMPLETED,NA
MAL,NCT03012009,2014-09,COMPLETED,NA
MAL,NCT03731988,2017-02-01,COMPLETED,PHASE4
MC1R,NCT03509467,2015-08-03,COMPLETED,NA
MC1R,NCT05634252,2023-04-24,ACTIVE_NOT_RECRUITING,PHASE3
MC1R,NCT02941900,2016-08,COMPLETED,
MC1R,NCT03979872,2019-09-09,COMPLETED,NA
MICA,NCT06610227,2024-11-08,ACTIVE_NOT_RECRUITING,EARLY_PHASE1
TLR4,NCT02180698,2014-11-17,COMPLETED,PHASE1
TLR4,NCT02320305,2015-01-27,COMPLETED,EARLY_PHASE1
CD19,NCT07167537,2025-10,RECRUITING,PHASE1
CD19,NCT03455972,2018-02-20,ACTIVE_NOT_RECRUITING,PHASE1
CD19,NCT07575919,2026-01-01,RECRUITING,PHASE1
CD19,NCT04012892,2019-05-01,UNKNOWN,PHASE1
CD19,NCT03653338,2018-08-02,RECRUITING,PHASE1
CD19,NCT02992834,2016-12,UNKNOWN,PHASE4
CD19,NCT07526493,2026-04-01,RECRUITING,PHASE1
CD19,NCT04289220,2020-03-15,UNKNOWN,PHASE1
CD19,NCT05149391,2021-07-20,COMPLETED,PHASE1
CD19,NCT07544225,2026-12-01,NOT_YET_RECRUITING,PHASE1
CD19,NCT07523555,2026-03-02,RECRUITING,PHASE1
CD19,NCT05739227,2023-03-01,UNKNOWN,EARLY_PHASE1
CD19,NCT04094766,2017-08-01,WITHDRAWN,PHASE1
CD19,NCT01593696,2012-06-29,COMPLETED,PHASE1
CD19,NCT03919526,2019-08-11,COMPLETED,PHASE1
CD19,NCT02508038,2016-02-12,RECRUITING,PHASE1
CD19,NCT03431090,2018-03-02,ACTIVE_NOT_RECRUITING,PHASE1
CD19,NCT05535855,2024-01-24,RECRUITING,PHASE1
CD19,NCT02737085,2016-03,UNKNOWN,PHASE1
CD19,NCT04649983,2019-09-01,UNKNOWN,PHASE1
CD19,NCT06027957,2023-08-02,COMPLETED,PHASE1
CD19,NCT06880913,2024-11-14,RECRUITING,PHASE1
CD19,NCT03330691,2017-11-03,ACTIVE_NOT_RECRUITING,PHASE1
CD19,NCT03118180,2017-04-05,UNKNOWN,PHASE1
CD19,NCT07398963,2026-02,RECRUITING,PHASE1
CD19,NCT07139509,2024-10-03,RECRUITING,PHASE1
CD19,NCT07546630,2026-04-30,NOT_YET_RECRUITING,EARLY_PHASE1
CD19,NCT03953599,2019-07-01,COMPLETED,PHASE1
CD19,NCT05651100,2022-12-10,UNKNOWN,PHASE1
CD19,NCT06346912,2024-05-30,RECRUITING,EARLY_PHASE1
CD19,NCT06756321,2023-09-18,RECRUITING,EARLY_PHASE1
CD19,NCT00003874,1999-02,COMPLETED,PHASE1
CD19,NCT03798509,2019-03-13,UNKNOWN,PHASE1
CD19,NCT04271800,2019-12-01,UNKNOWN,PHASE1
CD19,NCT05779930,2025-10,NOT_YET_RECRUITING,EARLY_PHASE1
CD19,NCT07244406,2025-01-10,RECRUITING,PHASE2
CD19,NCT04626739,2020-04-01,UNKNOWN,EARLY_PHASE1
CD19,NCT07335094,2026-06-01,NOT_YET_RECRUITING,EARLY_PHASE1
CD19,NCT02819583,2016-10,UNKNOWN,PHASE1
CD19,NCT07072494,2025-07-19,RECRUITING,PHASE1
CD19,NCT02728882,2015-07-02,UNKNOWN,NA
CD19,NCT06056921,2023-08-31,UNKNOWN,PHASE1
CD19,NCT07689149,2026-06-30,NOT_YET_RECRUITING,PHASE4
CD19,NCT04034446,2019-09-30,TERMINATED,EARLY_PHASE1
CD19,NCT04697290,2022-03-10,SUSPENDED,EARLY_PHASE1
CD19,NCT03110640,2016-10-01,UNKNOWN,PHASE1
CD19,NCT02456350,2015-04,UNKNOWN,PHASE1
CD19,NCT05326243,2022-05-31,RECRUITING,PHASE1
CD19,NCT05673447,2023-03-01,UNKNOWN,EARLY_PHASE1
CD19,NCT05797948,2022-07-01,UNKNOWN,NA
CD19,NCT06213636,2024-07-10,RECRUITING,PHASE1
CD19,NCT05715606,2023-02-10,UNKNOWN,EARLY_PHASE1
CD19,NCT03263208,2017-08-16,UNKNOWN,PHASE1
CD19,NCT06247501,2024-01-19,RECRUITING,PHASE2
CD19,NCT06158828,2024-11-15,RECRUITING,PHASE1
CD19,NCT05645601,2022-12-01,UNKNOWN,PHASE1
CD19,NCT06532630,2023-08-24,UNKNOWN,EARLY_PHASE1
CD19,NCT03097770,2017-04-01,COMPLETED,PHASE1
CD19,NCT06709469,2025-07-08,RECRUITING,PHASE1
CD19,NCT04732845,2021-04-26,ACTIVE_NOT_RECRUITING,PHASE1
CD19,NCT03599375,2019-05-01,UNKNOWN,PHASE1
CD19,NCT06080191,2024-04-28,RECRUITING,PHASE1
CD19,NCT04100187,2023-02-01,UNKNOWN,PHASE1
CD19,NCT02846584,2016-07,UNKNOWN,PHASE2
CD19,NCT04215016,2019-12,UNKNOWN,PHASE1
CD19,NCT03929107,2019-03-28,UNKNOWN,PHASE2
CD19,NCT07114432,2025-08,NOT_YET_RECRUITING,PHASE1
CD19,NCT07277504,2025-12-01,NOT_YET_RECRUITING,EARLY_PHASE1
CD19,NCT04214886,2019-12-31,ACTIVE_NOT_RECRUITING,PHASE1
CD19,NCT06608342,2024-06-25,RECRUITING,PHASE2
CD19,NCT05932173,2023-07-01,UNKNOWN,PHASE1
CD19,NCT03790891,2019-01-05,UNKNOWN,EARLY_PHASE1
CD19,NCT04661020,2020-12-03,RECRUITING,PHASE2
CD19,NCT02315599,2014-12-23,ENROLLING_BY_INVITATION,
CD19,NCT05210907,2022-02-15,UNKNOWN,PHASE1
CD19,NCT06428188,2024-05-29,RECRUITING,PHASE1
CD19,NCT06973356,2025-08-16,RECRUITING,NA
CD19,NCT01919866,2004-03,UNKNOWN,PHASE1
CD19,NCT04745559,2021-02-18,ACTIVE_NOT_RECRUITING,PHASE2
CD19,NCT03289455,2017-06-26,COMPLETED,PHASE1
CD19,NCT01071226,2008-05,COMPLETED,NA
CD19,NCT05223686,2022-02-10,UNKNOWN,PHASE1
CD19,NCT03398967,2018-01-02,UNKNOWN,PHASE1
CD19,NCT02356653,2013-12,RECRUITING,EARLY_PHASE1
CD19,NCT05418088,2022-06-30,RECRUITING,PHASE1
CD19,NCT04796675,2021-04-10,UNKNOWN,PHASE1
CD19,NCT06569472,2024-07-02,RECRUITING,PHASE1
CD19,NCT07094477,2025-04-01,ACTIVE_NOT_RECRUITING,PHASE2
CD19,NCT03573700,2018-07-24,ACTIVE_NOT_RECRUITING,PHASE1
CD19,NCT02535364,2015-08-21,TERMINATED,PHASE2
CD19,NCT04545762,2020-09-11,RECRUITING,PHASE1
CD19,NCT03720496,2018-11-01,UNKNOWN,PHASE1
CD19,NCT06120166,2023-11-16,RECRUITING,EARLY_PHASE1
CD19,NCT05570188,2022-10-01,WITHDRAWN,PHASE1
CD19,NCT06793241,2025-01-31,RECRUITING,EARLY_PHASE1
CD19,NCT05252403,2021-12-01,UNKNOWN,PHASE2
CD19,NCT04510051,2020-12-04,RECRUITING,PHASE1
CD19,NCT04532268,2020-08-23,UNKNOWN,EARLY_PHASE1
CD19,NCT07613788,2026-05,NOT_YET_RECRUITING,PHASE2
CD19,NCT03483688,2018-03-06,COMPLETED,PHASE1
CD19,NCT05507827,2022-08-18,ACTIVE_NOT_RECRUITING,PHASE1
CD19,NCT05225831,2021-08-15,UNKNOWN,EARLY_PHASE1
CD19,NCT02933775,2016-10,UNKNOWN,PHASE1
CD19,NCT05747157,2023-02-15,UNKNOWN,EARLY_PHASE1
CD19,NCT03881761,2019-02-01,UNKNOWN,PHASE1
CD19,NCT06371040,2024-07-12,RECRUITING,PHASE1
CD19,NCT06445803,2024-05-31,RECRUITING,PHASE1
CD19,NCT06847269,2025-05-21,RECRUITING,PHASE2
CD19,NCT06464861,2024-06-20,RECRUITING,PHASE1
CD19,NCT02443831,2016-04,RECRUITING,PHASE1
CD19,NCT06314828,2024-05-20,NOT_YET_RECRUITING,PHASE1
CD19,NCT04833504,2018-09-22,COMPLETED,
CD19,NCT07383233,2026-06-01,NOT_YET_RECRUITING,PHASE1
CD19,NCT05828225,2023-04-30,UNKNOWN,PHASE1
CD19,NCT07659704,2026-10-01,NOT_YET_RECRUITING,PHASE1
CD19,NCT03463928,2017-10-08,UNKNOWN,PHASE1
CD19,NCT04781634,2021-03-07,RECRUITING,PHASE1
CD19,NCT06350110,2024-07-10,RECRUITING,PHASE1
CD19,NCT03690310,2019-03,UNKNOWN,EARLY_PHASE1
CD19,NCT02851589,2016-07,UNKNOWN,PHASE1
CD19,NCT05648019,2022-03-15,RECRUITING,PHASE2
CD19,NCT05239676,2022-02-28,UNKNOWN,EARLY_PHASE1
CD19,NCT04156243,2018-02-01,UNKNOWN,EARLY_PHASE1
CD19,NCT04447547,2020-06-30,UNKNOWN,NA
CD19,NCT02822326,2016-01,UNKNOWN,PHASE1
CD19,NCT04881240,2024-02-14,RECRUITING,PHASE1
CD19,NCT02735291,2015-11,UNKNOWN,NA
CD19,NCT04412889,2020-06,UNKNOWN,EARLY_PHASE1
CD19,NCT06227026,2024-02-20,RECRUITING,PHASE1
CD19,NCT02652910,2015-12,UNKNOWN,PHASE1
CD19,NCT05029336,2026-03,RECRUITING,PHASE2
CD19,NCT02772198,2016-11,UNKNOWN,PHASE1
CD19,NCT03706547,2018-10-30,UNKNOWN,PHASE1
CD19,NCT02624258,2015-11,TERMINATED,EARLY_PHASE1
CD19,NCT04546893,2020-09-01,UNKNOWN,NA
CD19,NCT04194931,2019-12-01,UNKNOWN,PHASE1
CD19,NCT01683279,2012-03-25,ACTIVE_NOT_RECRUITING,PHASE1
CD19,NCT03902197,2019-04-22,UNKNOWN,PHASE2
CD19,NCT04271410,2019-06-01,UNKNOWN,PHASE1
CD19,NCT05801913,2023-09-29,RECRUITING,PHASE1
CD19,NCT06364423,2024-09-03,RECRUITING,PHASE1
CD19,NCT05741359,2023-04-25,RECRUITING,PHASE1
CD19,NCT01195480,2012-05,TERMINATED,PHASE1
CD19,NCT03671460,2018-09-07,UNKNOWN,PHASE1
CD19,NCT05613348,2022-12-01,WITHDRAWN,PHASE1
CD19,NCT06503224,2024-04-09,RECRUITING,NA
CD19,NCT03468153,2018-01-01,UNKNOWN,PHASE1
CD19,NCT04257175,2020-02-18,UNKNOWN,PHASE2
CD19,NCT05388695,2022-04-08,RECRUITING,PHASE1
CD19,NCT06688799,2024-11-23,RECRUITING,PHASE1
CD19,NCT05727683,2022-04-28,UNKNOWN,PHASE1
CD19,NCT05995015,2026-12-31,NOT_YET_RECRUITING,PHASE1
CD19,NCT02547948,2015-09,WITHDRAWN,PHASE1
CD19,NCT02644655,2015-09,UNKNOWN,PHASE1
CD19,NCT03298828,2017-11,UNKNOWN,PHASE1
CD19,NCT02247609,2014-01,UNKNOWN,PHASE1
CD19,NCT04626726,2020-04-01,UNKNOWN,EARLY_PHASE1
CD19,NCT06393335,2024-05-15,UNKNOWN,EARLY_PHASE1
CD19,NCT04796688,2021-03-10,UNKNOWN,PHASE1
CD19,NCT01087294,2010-08-04,COMPLETED,PHASE1
CD19,NCT03488160,2018-04-10,UNKNOWN,NA
CD19,NCT04201210,2021-06-30,RECRUITING,PHASE2
CD19,NCT04532281,2020-11-01,RECRUITING,EARLY_PHASE1
CD19,NCT07328581,2026-09,RECRUITING,PHASE2
CD19,NCT00068003,2003-09-08,ENROLLING_BY_INVITATION,
CD19,NCT07575971,2026-01-01,RECRUITING,PHASE1
CD19,NCT03232619,2018-08-01,COMPLETED,PHASE1
CD19,NCT04648475,2020-08-25,UNKNOWN,PHASE1
CD19,NCT03720457,2018-11-13,UNKNOWN,PHASE1
CD19,NCT06735495,2024-11-04,RECRUITING,PHASE1
CD19,NCT06918912,2023-06-16,RECRUITING,PHASE2
CD19,NCT04700319,2019-04-19,UNKNOWN,EARLY_PHASE1
CD19,NCT07838714,2026-05-13,RECRUITING,PHASE1
CD19,NCT05508009,2023-01-10,RECRUITING,PHASE1
CD19,NCT05370547,2022-05-25,UNKNOWN,PHASE1
CD19,NCT04483778,2020-07-13,ACTIVE_NOT_RECRUITING,PHASE1
CD19,NCT02050347,2014-04,ACTIVE_NOT_RECRUITING,PHASE1
CD19,NCT04787263,2021-03-04,ACTIVE_NOT_RECRUITING,PHASE1
CD19,NCT06503094,2024-01-14,UNKNOWN,PHASE1
CD19,NCT04264039,2020-04-01,UNKNOWN,EARLY_PHASE1
CD19,NCT05952804,2024-06-10,RECRUITING,PHASE2
CD19,NCT07779018,2026-04-01,RECRUITING,PHASE2
CD19,NCT07211048,2026-03-20,RECRUITING,NA
CD19,NCT04303247,2020-05-01,UNKNOWN,EARLY_PHASE1
CD19,NCT03840317,2019-01-02,UNKNOWN,PHASE1
CD19,NCT01974479,2013-09,SUSPENDED,PHASE1
CD19,NCT06947460,2025-04-18,RECRUITING,PHASE1
CD19,NCT03854994,2018-08-01,UNKNOWN,PHASE1
CD19,NCT05410041,2022-05-25,UNKNOWN,PHASE1
CD19,NCT03574168,2018-07-20,UNKNOWN,PHASE1
CD19,NCT06063317,2023-10-02,TERMINATED,PHASE1
CD19,NCT03389035,2017-12-20,COMPLETED,PHASE1
CD19,NCT07168291,2025-12-31,NOT_YET_RECRUITING,EARLY_PHASE1
CD19,NCT05585996,2022-08-01,UNKNOWN,PHASE1
CD19,NCT02537977,2015-07,UNKNOWN,PHASE1
CD19,NCT04795882,2022-04-22,RECRUITING,PHASE1
CD19,NCT04605666,2020-05-01,COMPLETED,PHASE2
CD19,NCT07555561,2026-09,SUSPENDED,PHASE1
CD19,NCT03824964,2019-02-01,UNKNOWN,EARLY_PHASE1
CD19,NCT03984968,2017-07-10,ACTIVE_NOT_RECRUITING,PHASE1
CD19,NCT06879262,2026-02-15,NOT_YET_RECRUITING,EARLY_PHASE1
CD19,NCT05011422,2022-11-03,RECRUITING,PHASE1
CD19,NCT04516551,2020-11-20,UNKNOWN,PHASE1
CD19,NCT07840976,2026-10-12,NOT_YET_RECRUITING,PHASE2
CD19,NCT07174843,2025-09,RECRUITING,EARLY_PHASE1
CD19,NCT05480449,2022-09-20,RECRUITING,PHASE1
CD19,NCT06735690,2025-12-30,RECRUITING,EARLY_PHASE1
CD19,NCT04626765,2020-04-01,UNKNOWN,EARLY_PHASE1
CD19,NCT05470777,2020-01-19,ACTIVE_NOT_RECRUITING,PHASE2
CD19,NCT03448393,2018-03-26,COMPLETED,PHASE1
CD19,NCT06277011,2023-02-10,UNKNOWN,EARLY_PHASE1
CD19,NCT02656147,2017-10,UNKNOWN,PHASE1
CD19,NCT07243366,2025-11-25,NOT_YET_RECRUITING,EARLY_PHASE1
CD19,NCT07503353,2026-06,NOT_YET_RECRUITING,PHASE1
CD19,NCT07681388,2026-01-15,RECRUITING,NA
CD19,NCT02659943,2016-01-21,COMPLETED,PHASE1
CD19,NCT03302403,2017-12-29,UNKNOWN,NA
CD19,NCT06707259,2024-12-01,RECRUITING,PHASE1
CD19,NCT04213469,2020-03-13,COMPLETED,NA
CD19,NCT05091541,2021-10-20,NOT_YET_RECRUITING,PHASE1
CD19,NCT04788472,2021-03-05,COMPLETED,PHASE2
CD19,NCT03824951,2019-02-01,UNKNOWN,EARLY_PHASE1
CD19,NCT00643240,2008-01,TERMINATED,PHASE1
CD19,NCT01864889,2013-04,UNKNOWN,NA
CD19,NCT03774654,2020-04-14,ACTIVE_NOT_RECRUITING,PHASE1
CD19,NCT05338931,2022-03-15,RECRUITING,PHASE1
CD19,NCT04943016,2021-07-01,UNKNOWN,PHASE1
CD19,NCT07670260,2026-06-30,NOT_YET_RECRUITING,EARLY_PHASE1
CD19,NCT06585514,2024-10-17,RECRUITING,PHASE1
CD19,NCT07389499,2027-08,NOT_YET_RECRUITING,EARLY_PHASE1
CD19,NCT06485232,2025-02-28,NOT_YET_RECRUITING,EARLY_PHASE1
CD19,NCT07359014,2025-11-01,RECRUITING,NA
CD19,NCT04740203,2021-01-31,UNKNOWN,PHASE1
CD19,NCT03619551,2018-10-22,ACTIVE_NOT_RECRUITING,PHASE2
CD19,NCT02685670,2016-02,UNKNOWN,PHASE1
CD19,NCT06323525,2024-04-17,RECRUITING,PHASE1
CD19,NCT02081937,2014-03,UNKNOWN,PHASE1
CD19,NCT06635330,2024-05-20,RECRUITING,PHASE1
CD19,NCT03229876,2019-06-01,SUSPENDED,NA
CD19,NCT07652138,2025-07-30,RECRUITING,PHASE1
CD19,NCT07261345,2025-12-19,RECRUITING,EARLY_PHASE1
CD19,NCT02672501,2016-01,UNKNOWN,PHASE1
CD19,NCT07477366,2026-04,NOT_YET_RECRUITING,PHASE2
CD19,NCT02892695,2016-09,UNKNOWN,PHASE1
CD19,NCT04182581,2019-10-15,UNKNOWN,EARLY_PHASE1
CD19,NCT05523661,2021-03-01,UNKNOWN,PHASE1
CD19,NCT02349698,2014-12,UNKNOWN,PHASE1
CD19,NCT04603872,2020-11-01,RECRUITING,EARLY_PHASE1
CD19,NCT07388212,2026-02-23,NOT_YET_RECRUITING,EARLY_PHASE1
CD19,NCT06716164,2024-12-01,RECRUITING,EARLY_PHASE1
CD19,NCT05674175,2023-01-25,RECRUITING,PHASE1
CD19,NCT05020392,2021-09-14,UNKNOWN,PHASE3
CD19,NCT03145545,,AVAILABLE,
CD19,NCT03676504,2018-09-07,RECRUITING,PHASE1
CD19,NCT06961669,2025-04-16,RECRUITING,NA
CD19,NCT03076437,2016-01-15,COMPLETED,PHASE1
CD19,NCT04196205,2019-12-01,UNKNOWN,PHASE1
CD19,NCT05333302,2020-10-26,UNKNOWN,PHASE1
CD19,NCT06298266,2024-03-29,NOT_YET_RECRUITING,EARLY_PHASE1
CD19,NCT07643103,2026-06-12,NOT_YET_RECRUITING,PHASE2
CD19,NCT04718883,2021-01-13,ACTIVE_NOT_RECRUITING,PHASE2
CD19,NCT03191773,2017-06-30,UNKNOWN,PHASE1
CD19,NCT04499573,2020-07-27,ACTIVE_NOT_RECRUITING,PHASE1
CD19,NCT07108868,2025-06-23,RECRUITING,PHASE1
CD19,NCT04638270,2020-11-21,UNKNOWN,EARLY_PHASE1
CD19,NCT04653493,2021-08,UNKNOWN,PHASE1
CD19,NCT06481735,2025-02-15,RECRUITING,PHASE1
CD19,NCT02842138,2016-06,UNKNOWN,PHASE1
CD19,NCT03579888,2020-06-26,TERMINATED,PHASE1
CD19,NCT06334991,2024-08-23,ACTIVE_NOT_RECRUITING,PHASE1
CD19,NCT00202917,2004-02,COMPLETED,PHASE1
CD19,NCT06375161,2023-12-11,RECRUITING,EARLY_PHASE1
CD19,NCT05707273,2023-04-26,ACTIVE_NOT_RECRUITING,PHASE1
CD19,NCT05143112,2021-02-05,UNKNOWN,PHASE1
CD19,NCT03593109,2019-05-30,TERMINATED,PHASE1
CD19,NCT07321301,2025-09-01,RECRUITING,PHASE2
CD19,NCT04887012,2021-05-01,UNKNOWN,PHASE1
CD19,NCT05436496,2027-06-01,NOT_YET_RECRUITING,PHASE1
CD19,NCT05381662,2018-08-02,UNKNOWN,PHASE1
CD19,NCT03497533,2018-08-03,UNKNOWN,PHASE1
CD19,NCT07622784,2026-06,NOT_YET_RECRUITING,PHASE2
CD19,NCT07162038,2025-11-14,RECRUITING,PHASE1
CD19,NCT05453669,2022-06-15,UNKNOWN,PHASE1
CD19,NCT04508842,2020-10-10,TERMINATED,PHASE1
CD19,NCT06150651,2023-12-01,COMPLETED,PHASE1
CD19,NCT07556757,2025-04-11,TERMINATED,PHASE1
CD19,NCT01639456,2013-10,WITHDRAWN,PHASE2
CD19,NCT07125872,2025-11-11,RECRUITING,PHASE2
CD19,NCT07121777,2025-08-25,RECRUITING,NA
CD19,NCT03559439,2018-04-24,UNKNOWN,PHASE1
CD19,NCT04325841,2022-03-24,COMPLETED,PHASE2
CD19,NCT04260932,2020-03-01,COMPLETED,PHASE1
CD19,NCT05702853,2023-11-06,RECRUITING,PHASE1
CD19,NCT04160195,2019-12-20,TERMINATED,PHASE1
CD19,NCT06676982,2025-01-10,RECRUITING,PHASE1
CD19,NCT07285668,2026-02-26,RECRUITING,NA
CD19,NCT04166838,2019-11-08,UNKNOWN,EARLY_PHASE1
CD19,NCT04715217,2021-01-04,UNKNOWN,PHASE1
CD19,NCT04812691,2020-07-10,COMPLETED,PHASE1
CD19,NCT03994913,2019-08-14,COMPLETED,PHASE1
CD19,NCT05381181,2023-12-20,UNKNOWN,PHASE1
CD19,NCT02277522,2014-10,TERMINATED,EARLY_PHASE1
CD19,NCT03185494,2017-08-01,UNKNOWN,PHASE1
CD19,NCT04539444,2020-08-01,COMPLETED,PHASE2
CD19,NCT04782193,2021-05-23,UNKNOWN,PHASE1
CD19,NCT05797233,2023-08-28,ACTIVE_NOT_RECRUITING,PHASE1
CD19,NCT07252336,2025-11-30,RECRUITING,PHASE2
CD19,NCT03373071,2017-12-23,COMPLETED,PHASE1
CD19,NCT04237428,2019-05-31,UNKNOWN,NA
CD19,NCT04684472,2021-03-17,UNKNOWN,PHASE1
CD19,NCT02546739,2021-03-01,UNKNOWN,PHASE1
CD19,NCT05744037,2023-01-01,UNKNOWN,PHASE2
CD19,NCT03768310,2022-06,WITHDRAWN,PHASE1
CD19,NCT03030976,2017-03,UNKNOWN,PHASE1
CD19,NCT05869279,2023-12-01,RECRUITING,PHASE1
CD19,NCT04089215,2019-06-11,UNKNOWN,PHASE2
CD19,NCT06279923,2024-04-15,RECRUITING,EARLY_PHASE1
CD19,NCT03186118,2017-08-04,ACTIVE_NOT_RECRUITING,PHASE1
CD19,NCT03029338,2017-06-08,COMPLETED,PHASE1
CD19,NCT04052061,2019-09-16,WITHDRAWN,PHASE1
CD19,NCT04260945,2020-03-10,COMPLETED,PHASE1
CD19,NCT04163302,2019-07-07,UNKNOWN,PHASE2
CD19,NCT07162571,2026-01-01,NOT_YET_RECRUITING,PHASE1
CD19,NCT06947473,2026-03-18,RECRUITING,PHASE1
CD19,NCT05554939,2022-12-11,RECRUITING,PHASE1
CD19,NCT01408160,2013-04,TERMINATED,PHASE1
CD19,NCT05432635,2023-08-01,RECRUITING,PHASE1
CD19,NCT07587840,2026-01-01,RECRUITING,PHASE2
CD19,NCT06978738,2025-05,NOT_YET_RECRUITING,PHASE1
CD19,NCT05436509,2026-06-01,TERMINATED,PHASE1
CD19,NCT07003555,2025-05-25,RECRUITING,PHASE1
CD19,NCT03938987,2021-03-03,RECRUITING,PHASE1
CD19,NCT07337785,2025-12-12,RECRUITING,EARLY_PHASE1
CD19,NCT05105867,2021-09-29,UNKNOWN,EARLY_PHASE1
CD19,NCT06321289,2024-03-20,RECRUITING,PHASE1
CD19,NCT05472558,2022-07-26,RECRUITING,PHASE1
CD19,NCT06827782,2025-03-01,ENROLLING_BY_INVITATION,PHASE1
CD19,NCT05432882,2027-06-01,NOT_YET_RECRUITING,PHASE1
CD19,NCT03880279,2020-05,WITHDRAWN,PHASE1
CD19,NCT03275493,2017-07-01,UNKNOWN,PHASE1
CD19,NCT04162353,2019-07-01,RECRUITING,PHASE1
CD19,NCT06014073,2023-09-06,RECRUITING,PHASE1
CD19,NCT04003649,2019-12-02,ACTIVE_NOT_RECRUITING,PHASE1
CD19,NCT04486872,2020-07-25,UNKNOWN,PHASE1
CD19,NCT03937544,2019-03-19,RECRUITING,PHASE2
CD19,NCT00450944,2006-02-22,COMPLETED,PHASE1
CD19,NCT04249830,2020-02-01,RECRUITING,NA
CD19,NCT05206071,2021-05-01,UNKNOWN,NA
CD19,NCT04850560,2021-05-18,UNKNOWN,PHASE1
CD19,NCT04661384,2021-03-05,ACTIVE_NOT_RECRUITING,PHASE1
CD19,NCT04714593,2021-01-15,UNKNOWN,PHASE1
CD19,NCT04119024,2025-10-07,RECRUITING,PHASE1
CD19,NCT03618381,2019-06-18,ACTIVE_NOT_RECRUITING,PHASE1
CD19,NCT05631912,2023-06-30,UNKNOWN,PHASE1
CD19,NCT06081478,2022-01-18,RECRUITING,PHASE2
CD19,NCT06830031,2025-03-25,RECRUITING,PHASE1
CD19,NCT03849651,2019-01-31,ACTIVE_NOT_RECRUITING,PHASE2
CD19,NCT07052565,2025-07-20,RECRUITING,NA
CD19,NCT03064269,2017-03-01,UNKNOWN,PHASE1
CD19,NCT07412405,2026-09-01,NOT_YET_RECRUITING,NA
CD19,NCT00968760,2011-06-20,COMPLETED,PHASE1
CD19,NCT07368270,2026-01,RECRUITING,PHASE1
CD19,NCT03208556,2017-06-21,UNKNOWN,PHASE1
CD19,NCT07461831,2022-02-01,ACTIVE_NOT_RECRUITING,PHASE2
CD19,NCT00924326,2009-02-17,COMPLETED,PHASE1
CD19,NCT06326008,2026-03-15,RECRUITING,PHASE1
CD19,NCT07451236,2026-03-18,NOT_YET_RECRUITING,PHASE1
CD19,NCT07078929,2026-01-01,RECRUITING,PHASE1
CD19,NCT03564977,2018-07-15,UNKNOWN,NA
CD19,NCT06149169,2023-08-17,UNKNOWN,PHASE2
CD19,NCT06732232,2024-12-12,RECRUITING,EARLY_PHASE1
CD19,NCT07002112,2025-05-23,RECRUITING,PHASE1
CD19,NCT06838832,2025-07-27,RECRUITING,PHASE1
CD19,NCT07166419,2026-01-14,ACTIVE_NOT_RECRUITING,PHASE1
CD19,NCT05269914,2022-04,UNKNOWN,NA
CD19,NCT07493395,2026-06-11,ACTIVE_NOT_RECRUITING,PHASE2
CD19,NCT05563545,2022-07-21,COMPLETED,PHASE1
CD19,NCT05651191,2022-10-21,UNKNOWN,EARLY_PHASE1
CD19,NCT03146533,2017-05,UNKNOWN,PHASE1
CD19,NCT02028455,2014-02-11,ACTIVE_NOT_RECRUITING,PHASE1
CD19,NCT07763938,2026-11-01,NOT_YET_RECRUITING,PHASE1
CD19,NCT03910842,2019-03-21,UNKNOWN,EARLY_PHASE1
CD19,NCT04844086,2021-03-02,TERMINATED,PHASE1
CD19,NCT05164042,2021-02-05,UNKNOWN,PHASE1
CD19,NCT06220097,2022-02-01,ACTIVE_NOT_RECRUITING,PHASE2
CD19,NCT06343090,2024-04-12,RECRUITING,NA
CD19,NCT03952923,2019-08-01,COMPLETED,PHASE1
CD19,NCT05651178,2022-08-12,ACTIVE_NOT_RECRUITING,EARLY_PHASE1
CD19,NCT04156178,2018-08-01,UNKNOWN,EARLY_PHASE1
CD19,NCT04029038,2019-05-15,WITHDRAWN,PHASE1
CD19,NCT02132624,2014-04,COMPLETED,PHASE1
CD19,NCT06777979,2025-04-28,RECRUITING,PHASE1
CD19,NCT04639739,2020-12-17,UNKNOWN,EARLY_PHASE1
CD19,NCT04419909,2026-05,WITHDRAWN,PHASE1
CD19,NCT06828042,2025-07-01,RECRUITING,PHASE1
CD19,NCT04012879,2019-05-01,UNKNOWN,PHASE1
CD19,NCT04303520,2018-05-03,UNKNOWN,PHASE1
CD19,NCT02975687,2016-11,COMPLETED,PHASE1
CD19,NCT03271515,2021-03-01,UNKNOWN,PHASE1
CD19,NCT06631040,2024-12-19,NOT_YET_RECRUITING,PHASE1
CD19,NCT03207178,2017-03-01,UNKNOWN,PHASE1
CD19,NCT05442515,2022-12-28,RECRUITING,PHASE1
CD19,NCT04184414,2018-01-09,UNKNOWN,EARLY_PHASE1
CD19,NCT02963038,2016-06,UNKNOWN,PHASE1
CD19,NCT06446128,2024-05-07,RECRUITING,EARLY_PHASE1
CD19,NCT04892277,2022-10-03,RECRUITING,PHASE1
CD19,NCT01853631,2014-02,RECRUITING,PHASE1
CD19,NCT05654038,2022-12-08,UNKNOWN,PHASE1
ERBB2,NCT06973525,2025-09-01,NOT_YET_RECRUITING,PHASE2
ERBB2,NCT01935843,2013-09,UNKNOWN,PHASE1
ERBB2,NCT04197687,2020-02-20,UNKNOWN,PHASE2
ERBB2,NCT05919212,2023-02-01,UNKNOWN,NA
ERBB2,NCT02276300,2014-12,COMPLETED,PHASE1
ERBB2,NCT06470347,2022-11-01,UNKNOWN,PHASE1
ERBB2,NCT02061332,2009-07,COMPLETED,PHASE1
ERBB2,NCT07416409,2023-06-10,COMPLETED,
ERBB2,NCT07593976,2026-07-15,RECRUITING,PHASE2
ERBB2,NCT00003002,1996-04,COMPLETED,PHASE1
ERBB2,NCT05745454,2023-02,UNKNOWN,NA
ERBB2,NCT07617805,2026-03-02,RECRUITING,PHASE1
ERBB2,NCT05838066,2023-07-23,RECRUITING,PHASE3
ERBB2,NCT05834699,2023-01-01,UNKNOWN,
ERBB2,NCT05705401,2023-05-19,ACTIVE_NOT_RECRUITING,PHASE3
ERBB2,NCT00017537,2000-03,WITHDRAWN,PHASE1
ERBB2,NCT02061423,2014-04-08,COMPLETED,PHASE1
ERBB2,NCT02063724,2014-10-01,COMPLETED,PHASE1
ERBB2,NCT05721248,2023-04-19,ACTIVE_NOT_RECRUITING,PHASE2
ERBB2,NCT04584008,2020-09-23,ACTIVE_NOT_RECRUITING,NA
ERBB2,NCT05755048,2023-03-28,UNKNOWN,PHASE3
ERBB2,NCT04547309,2020-09-07,UNKNOWN,NA
ERBB2,NCT06146114,2023-07-01,UNKNOWN,
ERBB2,NCT05504707,2022-08-26,RECRUITING,PHASE1
ERBB2,NCT02018458,2014-05,COMPLETED,PHASE1
ERBB2,NCT05619016,2022-11-23,UNKNOWN,PHASE2
ERBB2,NCT03331601,2017-10-16,TERMINATED,PHASE2
ERBB2,NCT00194714,2016-05,COMPLETED,PHASE1
ERBB2,NCT00862524,2009-03,COMPLETED,PHASE1
ERBB2,NCT06548529,2024-06-01,RECRUITING,NA
ERBB2,NCT07066982,2025-05-29,RECRUITING,PHASE1
ERBB2,NCT05325632,2021-10-28,RECRUITING,PHASE2
ERBB2,NCT03052634,2016-12-23,COMPLETED,PHASE1
ERBB2,NCT06433804,2022-01-01,COMPLETED,
ERBB2,NCT01219907,2012-06,WITHDRAWN,PHASE1
ERBB2,NCT00892567,2009-05,COMPLETED,PHASE1
ERBB2,NCT06369831,2024-09-12,RECRUITING,PHASE2
ERBB2,NCT02829372,2016-05,TERMINATED,PHASE1
ERBB2,NCT00650572,2008-05,COMPLETED,PHASE1
ERBB2,NCT07622940,2026-03-02,RECRUITING,PHASE1
ERBB2,NCT06723990,2024-10-24,RECRUITING,
ERBB2,NCT00373217,2006-04-13,TERMINATED,PHASE2
ERBB2,NCT00228358,2003-06,COMPLETED,PHASE1
ERBB2,NCT02713984,2016-03,WITHDRAWN,PHASE1
ERBB2,NCT01064349,2009-05-06,COMPLETED,
ERBB2,NCT06289517,2024-05-28,RECRUITING,NA
ERBB2,NCT07578116,2027-03-09,NOT_YET_RECRUITING,PHASE3
ERBB2,NCT05411432,2022-06-01,UNKNOWN,EARLY_PHASE1
ERBB2,NCT04842812,2021-01-01,RECRUITING,PHASE1
ERBB2,NCT00127933,2005-08,COMPLETED,PHASE4
ERBB2,NCT06145308,2023-08-15,RECRUITING,PHASE2
ERBB2,NCT07441889,2026-06,RECRUITING,PHASE1
ERBB2,NCT04382352,2019-05-28,COMPLETED,PHASE1
ERBB2,NCT00833326,2009-01,COMPLETED,PHASE1
ERBB2,NCT00091286,2003-03-24,TERMINATED,EARLY_PHASE1
ERBB2,NCT04727151,2021-04-19,TERMINATED,PHASE1
ERBB2,NCT01922921,2014-02-05,COMPLETED,PHASE1
ERBB2,NCT05483439,2021-10-20,UNKNOWN,PHASE2
ERBB2,NCT03630809,2019-01-10,TERMINATED,PHASE2
ERBB2,NCT03390608,1977-01-01,COMPLETED,
ERBB2,NCT05834686,2023-01-01,UNKNOWN,
ERBB2,NCT04144023,2019-06-27,RECRUITING,PHASE1
ERBB2,NCT06916637,2025-04-09,RECRUITING,
ERBB2,NCT06224738,2024-03-01,UNKNOWN,EARLY_PHASE1
ERBB2,NCT06611813,2024-06-11,RECRUITING,PHASE2
ERBB2,NCT07844018,2027-01-01,NOT_YET_RECRUITING,PHASE2
ERBB2,NCT04826107,2021-08,UNKNOWN,PHASE2
ERBB2,NCT00291473,2005-07,COMPLETED,PHASE1
ERBB2,NCT01729884,2012-12,TERMINATED,PHASE2
ERBB2,NCT00278902,2006-01,COMPLETED,PHASE1
ERBB2,NCT07506876,2026-04-27,RECRUITING,PHASE2
ERBB2,NCT03632941,2019-03-01,TERMINATED,PHASE2
ERBB2,NCT01532960,2012-07,TERMINATED,PHASE1
ERBB2,NCT06658951,2025-04-03,RECRUITING,NA
ERBB2,NCT01924351,2015-02,WITHDRAWN,PHASE2
ERBB2,NCT00637702,2008-02,COMPLETED,PHASE1
ERBB2,NCT05959291,2023-07-17,ACTIVE_NOT_RECRUITING,NA
ERBB2,NCT00068614,2003-07,COMPLETED,PHASE1
ERBB2,NCT01632332,2012-07-09,COMPLETED,PHASE1
ERBB2,NCT06450314,2025-01-25,RECRUITING,PHASE2
ERBB2,NCT06253494,2024-05-14,RECRUITING,PHASE1
ERBB2,NCT00005023,1999-03,COMPLETED,PHASE1
ERBB2,NCT03365882,2017-11-27,COMPLETED,PHASE2
ERBB2,NCT02909751,2016-09-14,COMPLETED,PHASE2
ERBB2,NCT02632201,2015-09,UNKNOWN,PHASE1
ERBB2,NCT02780401,2016-09-02,COMPLETED,PHASE1
ERBB2,NCT02473653,,NO_LONGER_AVAILABLE,
ERBB2,NCT05134519,2021-11-26,UNKNOWN,PHASE2
ERBB2,NCT02547961,2015-09,WITHDRAWN,PHASE1
ERBB2,NCT07670182,2026-06-15,NOT_YET_RECRUITING,
ERBB2,NCT03198052,2017-07-01,RECRUITING,PHASE1
ERBB2,NCT06101082,2024-01-16,RECRUITING,PHASE1
ERBB2,NCT03500991,2018-07-26,ACTIVE_NOT_RECRUITING,PHASE1
ERBB2,NCT00791037,2008-10,COMPLETED,PHASE1
ERBB2,NCT03924466,2019-04-01,UNKNOWN,PHASE2
ERBB2,NCT05315830,2022-03-07,UNKNOWN,PHASE1
ERBB2,NCT01376505,2011-06-21,COMPLETED,PHASE1
ERBB2,NCT05578287,2023-07-18,UNKNOWN,PHASE2
ERBB2,NCT04983121,2021-08-01,RECRUITING,PHASE2
ERBB2,NCT04758416,2020-12-31,UNKNOWN,
ERBB2,NCT03272334,2017-12-29,ACTIVE_NOT_RECRUITING,PHASE1
ERBB2,NCT00307229,2006-03,COMPLETED,PHASE1
ERBB2,NCT00363012,2006-04,COMPLETED,NA
ERBB2,NCT02563925,2015-09-18,COMPLETED,NA
ERBB2,NCT02065609,2014-02,COMPLETED,EARLY_PHASE1
ERBB2,NCT00640861,2008-08-28,COMPLETED,EARLY_PHASE1
ERBB2,NCT00710736,2008-06,COMPLETED,PHASE1
ERBB2,NCT00343109,2004-03,COMPLETED,PHASE2
ERBB2,NCT05681650,2023-10-11,RECRUITING,PHASE1
ERBB2,NCT00889954,2009-05,COMPLETED,PHASE1
ERBB2,NCT02683083,2016-10,COMPLETED,PHASE1
ERBB2,NCT01439191,2005-07,COMPLETED,PHASE2
ERBB2,NCT00005956,2000-02,COMPLETED,NA
ERBB2,NCT02442297,2016-04-01,ACTIVE_NOT_RECRUITING,PHASE1
ERBB2,NCT05345860,2022-03-24,RECRUITING,NA
ERBB2,NCT03953833,2019-04-01,COMPLETED,PHASE1
ERBB2,NCT03661424,2019-02-26,TERMINATED,PHASE1
ERBB2,NCT05735392,2018-11-07,COMPLETED,NA
ERBB2,NCT00902044,2010-02-11,ACTIVE_NOT_RECRUITING,PHASE1
ERBB2,NCT07176702,2025-09-30,ACTIVE_NOT_RECRUITING,PHASE2
ERBB2,NCT07101081,2026-04-23,RECRUITING,
ERBB2,NCT05346107,2020-01-01,UNKNOWN,PHASE2
ERBB2,NCT07464470,2026-04-01,RECRUITING,
ERBB2,NCT05983796,2023-08-10,UNKNOWN,NA
ERBB2,NCT06907082,2020-12-28,COMPLETED,NA
ERBB2,NCT04903080,2022-07-27,ACTIVE_NOT_RECRUITING,PHASE1
ERBB2,NCT07290166,2025-12-31,NOT_YET_RECRUITING,PHASE2
ERBB2,NCT04329065,2022-04-20,RECRUITING,PHASE2
ERBB2,NCT07757230,2026-09,NOT_YET_RECRUITING,PHASE2
ERBB2,NCT06414733,2025-01-17,RECRUITING,PHASE1
ERBB2,NCT00485277,2007-06,COMPLETED,PHASE1
ERBB2,NCT02069730,2014-06,COMPLETED,NA
ERBB2,NCT01355393,2011-07,COMPLETED,PHASE1
ERBB2,NCT06449989,2024-04-01,RECRUITING,
ERBB2,NCT06949410,2026-09,RECRUITING,PHASE1
ERBB2,NCT02336984,2014-06,WITHDRAWN,PHASE1
ERBB2,NCT02108561,2014-04,UNKNOWN,
ERBB2,NCT07729917,2026-08-10,NOT_YET_RECRUITING,PHASE2
ERBB2,NCT04348747,2022-12-19,RECRUITING,PHASE2
ERBB2,NCT07419867,2026-03-01,NOT_YET_RECRUITING,PHASE2
ERBB2,NCT03389230,2018-08-14,ACTIVE_NOT_RECRUITING,PHASE1
ERBB2,NCT07129018,2025-11,NOT_YET_RECRUITING,PHASE2
ERBB2,NCT04684459,2021-03-12,RECRUITING,EARLY_PHASE1
ERBB2,NCT01152398,2010-06,COMPLETED,PHASE1
ERBB2,NCT06909604,2025-01-01,RECRUITING,NA
ERBB2,NCT07613424,2026-06-02,RECRUITING,NA
FOLR1,NCT07227571,2026-01-16,RECRUITING,PHASE1
FOLR1,NCT02546921,2016-02-16,COMPLETED,PHASE1
FOLR1,NCT02111941,2014-04-14,COMPLETED,EARLY_PHASE1
FOLR1,NCT06547840,2024-09-03,RECRUITING,PHASE1
FOLR1,NCT01606241,2012-07-24,COMPLETED,PHASE1
FOLR1,NCT06639074,2024-11-08,RECRUITING,PHASE2
FOLR1,NCT03012100,2017-03-31,ACTIVE_NOT_RECRUITING,PHASE2
FOLR1,NCT06609928,2025-02-24,RECRUITING,PHASE1
FOLR1,NCT05920798,2023-09-28,ACTIVE_NOT_RECRUITING,PHASE1
FOLR1,NCT03585764,2018-10-24,TERMINATED,PHASE1
PCNA,NCT07112053,2025-11-17,RECRUITING,PHASE2
PCNA,NCT05227326,2022-08-12,RECRUITING,PHASE1
PCNA,NCT07578116,2027-03-09,NOT_YET_RECRUITING,PHASE3
PCNA,NCT03227328,2017-08-02,COMPLETED,PHASE2
PCNA,NCT07008508,2025-05-15,ACTIVE_NOT_RECRUITING,
PCNA,NCT06042296,2023-10,UNKNOWN,
PCNA,NCT06763341,2025-07-30,RECRUITING,PHASE1
PCNA,NCT01398124,2012-12,WITHDRAWN,NA
PCNA,NCT07778615,2017-01,COMPLETED,
PCNA,NCT04758455,2021-02-14,UNKNOWN,NA
PCNA,NCT05486481,2024-01-08,WITHDRAWN,PHASE1
PSMA1,NCT06059014,2023-11-09,COMPLETED,PHASE1
PSMA1,NCT07828249,2026-11,NOT_YET_RECRUITING,PHASE1
PSMA1,NCT05420727,2023-02-08,COMPLETED,PHASE1
CLDN18,NCT05857332,2023-05-30,RECRUITING,PHASE1
CLDN18,NCT05365581,2022-06-07,RECRUITING,PHASE1
CLDN18,NCT05620732,2022-10-01,RECRUITING,NA
CLDN18,NCT04671875,2021-04-21,UNKNOWN,PHASE1
CLDN18,NCT05994001,2023-08-01,ACTIVE_NOT_RECRUITING,PHASE1
CLDN18,NCT07483554,2026-04-20,RECRUITING,PHASE2
CLDN18,NCT03816163,2019-03-15,ACTIVE_NOT_RECRUITING,PHASE2
CLDN18,NCT06038396,2023-08-03,RECRUITING,PHASE1
CLDN18,NCT06350006,2024-05-29,RECRUITING,PHASE1
CLDN18,NCT06346392,2024-03-04,ACTIVE_NOT_RECRUITING,PHASE3
CLDN18,NCT05867563,2023-07-04,UNKNOWN,PHASE1
CLDN18,NCT04404595,2020-10-23,ACTIVE_NOT_RECRUITING,PHASE1
CLDN18,NCT06857786,2025-03-10,NOT_YET_RECRUITING,PHASE1
CLDN18,NCT05639153,2022-05-13,TERMINATED,PHASE1
CLDN18,NCT05482893,2023-03-15,RECRUITING,PHASE1
CLDN18,NCT05001516,2021-12-29,COMPLETED,PHASE1
CLDN18,NCT06027346,2023-07-17,UNKNOWN,PHASE1
CLDN18,NCT07680257,2025-12-27,RECRUITING,EARLY_PHASE1
CLDN18,NCT05632939,2023-02-21,ACTIVE_NOT_RECRUITING,PHASE1
CLDN18,NCT05393986,2022-08-04,UNKNOWN,PHASE1
CLDN18,NCT06942767,2025-06,NOT_YET_RECRUITING,PHASE2
CLDN18,NCT07700160,2026-07-30,RECRUITING,PHASE1
CLDN18,NCT07460375,2026-08,RECRUITING,PHASE1
CLDN18,NCT07551362,2026-03-02,RECRUITING,PHASE1
CLDN18,NCT07504445,2026-06-10,NOT_YET_RECRUITING,EARLY_PHASE1
CLDN18,NCT07622940,2026-03-02,RECRUITING,PHASE1
CLDN18,NCT07627711,2026-03-02,RECRUITING,PHASE1
CLDN18,NCT06353152,2023-11-17,UNKNOWN,PHASE1
CLDN18,NCT05837299,2023-04-02,UNKNOWN,PHASE1
CLDN18,NCT03504397,2018-06-21,ACTIVE_NOT_RECRUITING,PHASE3
CLDN18,NCT05707676,2022-11-30,TERMINATED,PHASE1
CLDN18,NCT04086758,2019-10-18,COMPLETED,PHASE1
CLDN18,NCT07529613,2023-12-20,COMPLETED,PHASE1
CLDN18,NCT06901531,2025-05-22,RECRUITING,PHASE3
CLDN18,NCT03505320,2018-06-29,ACTIVE_NOT_RECRUITING,PHASE2
CLDN18,NCT04581473,2020-10-23,ACTIVE_NOT_RECRUITING,PHASE1
CLDN18,NCT04735796,2021-05-27,TERMINATED,PHASE1
CLDN18,NCT04914117,2021-11-29,COMPLETED,PHASE1
CLDN18,NCT06093425,2026-06-30,NOT_YET_RECRUITING,PHASE3
CLDN18,NCT06881017,2025-05-01,NOT_YET_RECRUITING,PHASE2
CLDN18,NCT04495296,2020-08-13,RECRUITING,PHASE1
CLDN18,NCT03528629,2018-06-08,COMPLETED,NA
CLDN18,NCT06446388,2024-06-30,NOT_YET_RECRUITING,PHASE2
CLDN18,NCT05539430,2023-04-18,ACTIVE_NOT_RECRUITING,PHASE1
CLDN18,NCT07432295,2026-02-11,RECRUITING,PHASE2
CLDN18,NCT04260191,2020-06-29,TERMINATED,PHASE1
CLDN18,NCT07480928,2026-02-02,RECRUITING,PHASE1
CLDN18,NCT00909025,2009-05-31,COMPLETED,PHASE1
CLDN18,NCT04966143,2021-08-01,UNKNOWN,EARLY_PHASE1
CLDN18,NCT05946226,2023-09-07,UNKNOWN,PHASE1
CLDN18,NCT05608785,2023-01-01,UNKNOWN,PHASE1
CLDN18,NCT05525286,2022-03-31,TERMINATED,PHASE1
CLDN18,NCT06468280,2024-11-08,RECRUITING,PHASE2
CLDN18,NCT06962137,2025-12-11,RECRUITING,PHASE2
CLDN18,NCT05009966,2021-09-16,UNKNOWN,PHASE1
CLDN18,NCT06792435,2023-07-27,ACTIVE_NOT_RECRUITING,PHASE1
CLDN18,NCT06396091,2025-09-24,ACTIVE_NOT_RECRUITING,PHASE1
CLDN18,NCT07103668,2025-08-06,RECRUITING,PHASE3
CLDN18,NCT05934331,2023-07-27,RECRUITING,PHASE2
CLDN18,NCT03653507,2018-11-28,ACTIVE_NOT_RECRUITING,PHASE3
CLDN18,NCT07394205,2026-09-30,NOT_YET_RECRUITING,EARLY_PHASE1
CLDN18,NCT04400383,2020-06-04,COMPLETED,PHASE1
CLDN18,NCT03874897,2019-03-26,COMPLETED,PHASE1
CLDN18,NCT05458219,2022-10-26,RECRUITING,PHASE1
CLDN18,NCT05472857,2022-08-08,UNKNOWN,PHASE1
CLDN18,NCT07385703,2026-04-15,RECRUITING,PHASE3
CLDN18,NCT06921837,2025-05-26,RECRUITING,PHASE1
CLDN18,NCT05980416,2023-08-10,TERMINATED,PHASE1
CLDN18,NCT06005493,2023-07-11,RECRUITING,PHASE1
CLDN18,NCT06602037,2024-11-20,RECRUITING,NA
CLDN18,NCT04856150,2021-05-21,UNKNOWN,PHASE1
CLDN18,NCT07584135,2026-05-28,RECRUITING,PHASE3
CLDN18,NCT07301814,2025-09-01,RECRUITING,
CLDN18,NCT07523529,2026-03-02,RECRUITING,PHASE1
CLDN18,NCT04683939,2022-01-18,TERMINATED,PHASE1
CLDN18,NCT07066995,2025-04-29,RECRUITING,PHASE1
CLDN18,NCT05981235,2023-12-14,COMPLETED,PHASE1
CLDN18,NCT05911217,2023-07-11,RECRUITING,PHASE1
CLDN18,NCT06041035,2023-10,UNKNOWN,PHASE1
CLDN18,NCT07450976,2026-03-25,RECRUITING,PHASE2
CLDN18,NCT05205850,2022-03-03,RECRUITING,PHASE1
CLDN18,NCT06219941,2023-12-13,RECRUITING,PHASE2
CLDN18,NCT05231733,2022-05-01,WITHDRAWN,PHASE1
CLDN18,NCT06770439,2025-04-18,RECRUITING,PHASE2
CLDN18,NCT06351020,2024-06-24,ACTIVE_NOT_RECRUITING,PHASE3
CLDN18,NCT05043987,2022-11-16,WITHDRAWN,PHASE1
CLDN18,NCT07673887,2026-06-30,RECRUITING,PHASE3
CLDN18,NCT05008445,2021-10-06,TERMINATED,PHASE1
CLDN18,NCT06134960,2024-11-16,RECRUITING,PHASE1
CLDN18,NCT07464470,2026-04-01,RECRUITING,
CLDN18,NCT06084286,2024-01-01,RECRUITING,PHASE1
CLDN18,NCT07621562,2026-06-05,NOT_YET_RECRUITING,PHASE2
CLDN18,NCT05862324,2023-08-23,ACTIVE_NOT_RECRUITING,PHASE1
CLDN18,NCT05583201,2022-10-13,UNKNOWN,EARLY_PHASE1
CLDN18,NCT06166472,2023-12-12,UNKNOWN,PHASE1
CLDN18,NCT05199519,2021-12-13,COMPLETED,PHASE1
CLDN18,NCT05952375,2023-03-01,UNKNOWN,NA
CLDN18,NCT04396821,2020-05-28,ACTIVE_NOT_RECRUITING,PHASE1
CLDN18,NCT07284134,2025-12-24,RECRUITING,PHASE3
CLDN18,NCT07431281,2026-02-03,RECRUITING,PHASE3
CLDN18,NCT07483567,2026-04-17,RECRUITING,PHASE2
CLDN18,NCT06329973,2024-02-28,RECRUITING,PHASE1
CLDN18,NCT01197885,2010-09-03,COMPLETED,PHASE2
CLDN18,NCT05065710,2022-01-19,COMPLETED,PHASE1
CLDN18,NCT07488676,2026-05-04,RECRUITING,PHASE1
CLDN18,NCT05190575,2022-01-14,COMPLETED,PHASE2
CLDN18,NCT06921928,2025-04-29,ACTIVE_NOT_RECRUITING,PHASE1
CLDN18,NCT06732856,2025-04-04,RECRUITING,PHASE1
CLDN6,NCT06515613,2024-07-10,RECRUITING,PHASE1
CLDN6,NCT06276491,2024-04-04,RECRUITING,PHASE1
CLDN6,NCT07593092,2026-06-30,RECRUITING,PHASE1
CLDN6,NCT07453394,2026-04,NOT_YET_RECRUITING,PHASE1
CLDN6,NCT03760081,2019-03-19,COMPLETED,PHASE2
CLDN6,NCT05103683,2021-11-17,RECRUITING,PHASE1
CLDN6,NCT02054351,2014-02-06,COMPLETED,PHASE1
CLDN6,NCT06803680,2025-03-18,RECRUITING,PHASE1
CLDN6,NCT06681870,2024-12-31,WITHDRAWN,PHASE1
CLDN6,NCT05394675,2022-05-31,TERMINATED,PHASE1
CLDN6,NCT06223256,2024-03-08,RECRUITING,PHASE1
CLDN6,NCT07304128,2026-02-06,RECRUITING,PHASE1
CLDN6,NCT06932094,2025-05,NOT_YET_RECRUITING,PHASE1
CLDN6,NCT06809114,2026-01-14,RECRUITING,PHASE1
CA9,NCT02002312,2011-08,COMPLETED,PHASE2
CA9,NCT07818226,2026-10-16,NOT_YET_RECRUITING,
CA9,NCT02497599,2015-06,UNKNOWN,PHASE1
CA9,NCT00087022,2004-07,COMPLETED,PHASE3
CA9,NCT06750419,2024-11-06,RECRUITING,PHASE3
CA9,NCT00381797,2006-08,COMPLETED,PHASE2
CA9,NCT05663710,2023-06-30,RECRUITING,PHASE1
CA9,NCT05698238,2024-01,NOT_YET_RECRUITING,PHASE1
CA9,NCT03705403,2019-04-04,TERMINATED,PHASE2
CA9,NCT00199888,2005-06,COMPLETED,PHASE1
CA9,NCT06447103,2024-08-06,RECRUITING,PHASE2
CA9,NCT05239533,2022-02-16,ACTIVE_NOT_RECRUITING,PHASE2
CA9,NCT06735560,2025-11-04,RECRUITING,NA
CA9,NCT00520533,2008-02,TERMINATED,PHASE1
CA9,NCT01762592,2017-12,WITHDRAWN,PHASE3
CA9,NCT00602862,2007-07,COMPLETED,NA
CA9,NCT01582204,2012-04,ACTIVE_NOT_RECRUITING,NA
CA9,NCT00606632,2008-03,COMPLETED,PHASE3
CA9,NCT02883153,2015-12,COMPLETED,PHASE2
CA12,NCT05533242,2024-01-22,ACTIVE_NOT_RECRUITING,PHASE1
MSLN,NCT03926143,2019-06-03,TERMINATED,PHASE2
MSLN,NCT05166070,2022-01-01,RECRUITING,EARLY_PHASE1
MSLN,NCT02696642,2016-04-14,COMPLETED,PHASE1
MSLN,NCT02341625,2015-06-19,TERMINATED,PHASE1
MSLN,NCT06051695,2024-04-03,RECRUITING,PHASE1
MSLN,NCT02798536,2016-07-27,COMPLETED,PHASE1
MSLN,NCT05403554,2022-04-29,RECRUITING,PHASE1
MSLN,NCT04203459,2019-10-20,UNKNOWN,
MSLN,NCT03267173,2017-06-15,UNKNOWN,EARLY_PHASE1
MSLN,NCT05779917,2023-03-10,RECRUITING,PHASE1
MSLN,NCT03814447,2019-08-16,UNKNOWN,EARLY_PHASE1
MSLN,NCT02159716,2014-06,COMPLETED,PHASE1
MSLN,NCT07510828,2026-03-02,RECRUITING,PHASE1
MSLN,NCT03356795,2026-06-01,TERMINATED,PHASE1
MSLN,NCT04175847,2020-04-14,COMPLETED,PHASE1
MSLN,NCT03608618,2018-08-27,TERMINATED,PHASE1
MSLN,NCT06327997,2024-03-07,RECRUITING,EARLY_PHASE1
MSLN,NCT07686068,2026-08-18,NOT_YET_RECRUITING,PHASE1
MSLN,NCT05775666,2023-03,UNKNOWN,PHASE1
MSLN,NCT06756035,2025-03-31,RECRUITING,PHASE1
MSLN,NCT01051934,2009-12-29,COMPLETED,PHASE1
MSLN,NCT06249256,2023-06-01,RECRUITING,EARLY_PHASE1
MSLN,NCT03497819,2017-10-01,UNKNOWN,EARLY_PHASE1
MSLN,NCT01355965,2011-05,COMPLETED,PHASE1
MSLN,NCT03126630,2018-10-04,ACTIVE_NOT_RECRUITING,PHASE1
MSLN,NCT02706782,2016-03,UNKNOWN,PHASE1
MSLN,NCT04627740,2020-12-01,COMPLETED,PHASE1
MSLN,NCT03638193,2018-07-11,UNKNOWN,NA
MSLN,NCT03054298,2017-04-06,COMPLETED,PHASE1
MSLN,NCT01439152,2011-09-07,COMPLETED,PHASE1
MSLN,NCT06701201,2025-01-27,ENROLLING_BY_INVITATION,
MSLN,NCT07598955,2026-03-02,RECRUITING,PHASE1
MSLN,NCT04562298,2020-10-21,TERMINATED,PHASE1
MSLN,NCT06904131,2025-05-11,RECRUITING,NA
MSLN,NCT02414269,2015-05,ACTIVE_NOT_RECRUITING,PHASE1
MSLN,NCT03587311,2018-10-12,ACTIVE_NOT_RECRUITING,PHASE2
MSLN,NCT02317419,2014-12,TERMINATED,PHASE1
MSLN,NCT06377202,2023-11-15,WITHDRAWN,
MSLN,NCT03023722,2017-05-11,COMPLETED,PHASE2
MSLN,NCT06256055,2024-03-05,UNKNOWN,PHASE1
MSLN,NCT02580747,2015-10,UNKNOWN,PHASE1
MSLN,NCT07589543,2026-03-02,RECRUITING,PHASE1
MSLN,NCT01413451,2011-07-12,TERMINATED,EARLY_PHASE1
MSLN,NCT05001880,2022-03-22,RECRUITING,PHASE2
MSLN,NCT04840615,2021-06-11,TERMINATED,PHASE1
MSLN,NCT05089266,2021-11-30,UNKNOWN,PHASE1
MSLN,NCT06623396,2024-09-30,RECRUITING,PHASE1
MSLN,NCT02388828,2015-03,COMPLETED,
MSLN,NCT01362790,2011-05-11,COMPLETED,PHASE1
MSLN,NCT07486089,2026-02-02,RECRUITING,PHASE1
MSLN,NCT07480954,2026-02-04,RECRUITING,PHASE1
MSLN,NCT06196294,2024-05-10,RECRUITING,PHASE1
MSLN,NCT05451849,2022-06-21,TERMINATED,PHASE1
MSLN,NCT03907852,2019-04-15,ACTIVE_NOT_RECRUITING,PHASE1
MSLN,NCT02839681,2016-07-19,TERMINATED,PHASE2
MSLN,NCT07641023,2026-03-02,RECRUITING,PHASE1
MSLN,NCT07399769,2024-01-01,RECRUITING,PHASE1
MSLN,NCT02485119,2015-08-14,COMPLETED,PHASE1
MSLN,NCT03956056,2020-02-13,TERMINATED,PHASE1
MSLN,NCT05164666,2022-01-05,TERMINATED,PHASE1
MSLN,NCT02465983,2015-05,TERMINATED,PHASE1
MSLN,NCT03507452,2018-06-13,COMPLETED,PHASE1
MSLN,NCT05141253,2022-01-12,RECRUITING,EARLY_PHASE1
MSLN,NCT06760364,2024-12-25,RECRUITING,PHASE1
MSLN,NCT03455556,2018-08-10,TERMINATED,PHASE1
MSLN,NCT06255665,2024-02-09,COMPLETED,PHASE1
MSLN,NCT07030907,2025-06-16,RECRUITING,PHASE1
MSLN,NCT02824042,2016-09-07,COMPLETED,PHASE1
MSLN,NCT06523803,2024-09-30,TERMINATED,PHASE1
MSLN,NCT02751918,2016-06-08,COMPLETED,PHASE1
MSLN,NCT05963100,2023-08-07,ACTIVE_NOT_RECRUITING,PHASE1
MSLN,NCT02959151,2016-07,UNKNOWN,PHASE1
MSLN,NCT07523529,2026-03-02,RECRUITING,PHASE1
MSLN,NCT00024674,2001-02,WITHDRAWN,PHASE1
MSLN,NCT04981691,2021-10-01,UNKNOWN,PHASE1
MSLN,NCT03941626,2019-09-01,UNKNOWN,PHASE1
MSLN,NCT03816358,2019-12-09,ACTIVE_NOT_RECRUITING,PHASE1
MSLN,NCT03356808,2027-06-01,NOT_YET_RECRUITING,PHASE1
MSLN,NCT03615313,2018-08-06,UNKNOWN,PHASE1
MSLN,NCT04577326,2020-09-30,ACTIVE_NOT_RECRUITING,PHASE1
MSLN,NCT06562647,2023-04-12,RECRUITING,NA
MSLN,NCT07510802,2026-02-02,RECRUITING,PHASE1
MSLN,NCT06717022,2024-05-06,RECRUITING,NA
MSLN,NCT03436732,2018-02-28,TERMINATED,PHASE1
MSLN,NCT07004647,2025-03-15,RECRUITING,NA
MSLN,NCT00732082,2009-02,TERMINATED,PHASE1
MSLN,NCT00325494,2006-05,COMPLETED,PHASE1
MSLN,NCT01521325,2011-09,COMPLETED,PHASE1
MSLN,NCT07083323,2025-07-22,RECRUITING,PHASE1
MSLN,NCT03182803,2017-06-07,UNKNOWN,PHASE1
MSLN,NCT07467863,2026-02-02,RECRUITING,PHASE1
MSLN,NCT02639091,2016-02-03,COMPLETED,PHASE1
MSLN,NCT03371381,2018-01-02,TERMINATED,PHASE1
MSLN,NCT07510815,2026-03-02,RECRUITING,PHASE1
MSLN,NCT07617753,2026-03-02,RECRUITING,PHASE1
PSCA,NCT07608627,2026-12-16,NOT_YET_RECRUITING,PHASE1
PSCA,NCT03267173,2017-06-15,UNKNOWN,EARLY_PHASE1
PSCA,NCT07641049,2026-03-02,RECRUITING,PHASE1
PSCA,NCT02616185,2015-12-30,TERMINATED,PHASE1
PSCA,NCT06236139,2024-11-26,RECRUITING,PHASE1
PSCA,NCT07543055,2026-09-08,RECRUITING,PHASE1
PSCA,NCT05732948,2018-08-02,UNKNOWN,PHASE1
PSCA,NCT03927573,2019-04-15,TERMINATED,PHASE1
PSCA,NCT02744287,2016-11-30,TERMINATED,PHASE1
SLC39A6,NCT01969643,2013-10-22,COMPLETED,PHASE1
SLC39A6,NCT04032704,2019-10-09,TERMINATED,PHASE2
SLC39A6,NCT03424005,2018-03-30,RECRUITING,PHASE1
SLC39A6,NCT07311538,2025-12,NOT_YET_RECRUITING,PHASE2
CD19,NCT06414148,2024-05-14,RECRUITING,PHASE2
CD19,NCT05765006,2023-02-24,UNKNOWN,PHASE1
CD19,NCT06420076,2024-07-10,RECRUITING,PHASE1
CD19,NCT07609485,2021-02-18,RECRUITING,
CD19,NCT02631538,2016-02-17,COMPLETED,PHASE2
CD19,NCT07490041,2026-03-19,RECRUITING,EARLY_PHASE1
CD19,NCT01077622,2009-09-01,COMPLETED,PHASE2
CD19,NCT03478956,2018-03-27,TERMINATED,PHASE1
CD19,NCT06535412,2024-10-10,RECRUITING,PHASE1
CD19,NCT01300247,2011-05,COMPLETED,PHASE1
CD19,NCT07451847,2026-02,NOT_YET_RECRUITING,PHASE4
CD19,NCT06721598,2025-01-09,NOT_YET_RECRUITING,
CD19,NCT04655677,2020-10-30,COMPLETED,PHASE1
CD19,NCT03003039,2017-06-05,COMPLETED,PHASE1
CD19,NCT06897930,2025-04-21,RECRUITING,PHASE1
CD19,NCT07502872,2026-11-01,NOT_YET_RECRUITING,PHASE2
CD19,NCT00824265,2009-03-12,COMPLETED,PHASE3
CD19,NCT01993368,2013-11,TERMINATED,NA
CD19,NCT03914625,2019-07-03,ACTIVE_NOT_RECRUITING,PHASE3
CD19,NCT04932876,2021-04-24,UNKNOWN,
CD19,NCT02654938,2015-07,COMPLETED,PHASE1
CD19,NCT07283315,2025-12-03,RECRUITING,EARLY_PHASE1
CD19,NCT04423640,2020-04-15,UNKNOWN,
CD19,NCT06681337,2024-11-25,NOT_YET_RECRUITING,EARLY_PHASE1
CD19,NCT07110844,2025-11-07,RECRUITING,PHASE2
CD19,NCT06853444,2025-05-08,RECRUITING,PHASE1
CD19,NCT02640209,2016-01-29,TERMINATED,EARLY_PHASE1
CD19,NCT06792799,2025-01-30,RECRUITING,EARLY_PHASE1
CD19,NCT04448834,2022-01,WITHDRAWN,PHASE2
CD19,NCT05010564,2023-07-18,RECRUITING,PHASE1
CD19,NCT06918964,2025-09-15,RECRUITING,NA
CD19,NCT03570892,2019-05-09,COMPLETED,PHASE3
CD19,NCT00076752,2004-01-30,COMPLETED,PHASE2
CD19,NCT04781309,2021-05-05,COMPLETED,EARLY_PHASE1
CD19,NCT06641024,2024-11-01,NOT_YET_RECRUITING,PHASE1
CD19,NCT03155191,2017-06-01,ACTIVE_NOT_RECRUITING,PHASE1
CD19,NCT02613910,2015-12-23,TERMINATED,PHASE3
CD19,NCT03346018,2017-11-03,COMPLETED,
CD19,NCT05123703,2022-05-19,ACTIVE_NOT_RECRUITING,PHASE3
CD19,NCT01332994,2011-03,COMPLETED,PHASE3
CD19,NCT07472972,2025-06-20,RECRUITING,
CD19,NCT05412329,2022-06-13,UNKNOWN,PHASE1
CD19,NCT02307227,2006-04,COMPLETED,PHASE2
CD19,NCT06352242,2024-05-22,RECRUITING,NA
CD19,NCT01029366,2010-03-17,COMPLETED,PHASE1
CD19,NCT06768905,2025-04-25,RECRUITING,PHASE1
CD19,NCT06686524,2024-11-11,RECRUITING,PHASE1
CD19,NCT06559189,2024-09-27,RECRUITING,PHASE1
CD19,NCT07776743,2026-08,RECRUITING,PHASE2
CD19,NCT05859997,2023-05-17,ENROLLING_BY_INVITATION,NA
CD19,NCT06554626,2024-08-15,RECRUITING,PHASE2
CD19,NCT02370160,2015-12-21,COMPLETED,PHASE1
CD19,NCT07362758,2026-01-01,NOT_YET_RECRUITING,EARLY_PHASE1
CD19,NCT05166070,2022-01-01,RECRUITING,EARLY_PHASE1
CD19,NCT05436223,2021-08-09,UNKNOWN,PHASE2
CD19,NCT02529813,2015-12-16,COMPLETED,PHASE1
CD19,NCT06179524,2024-01-03,RECRUITING,PHASE2
CD19,NCT02454270,2015-06-15,TERMINATED,PHASE1
CD19,NCT05312801,2023-11-21,RECRUITING,PHASE1
CD19,NCT00410657,2006-07,COMPLETED,PHASE2
CD19,NCT03103971,2017-11-03,TERMINATED,PHASE1
CD19,NCT07586267,2026-05-08,RECRUITING,EARLY_PHASE1
CD19,NCT02568553,2016-11-15,COMPLETED,PHASE1
CD19,NCT05600686,2023-05-24,ACTIVE_NOT_RECRUITING,PHASE2
CD19,NCT01747486,2013-01-02,COMPLETED,PHASE2
CD19,NCT05672251,2024-01-02,RECRUITING,PHASE2
CD19,NCT00603525,2008-01,TERMINATED,PHASE3
CD19,NCT07101913,2025-04-01,ACTIVE_NOT_RECRUITING,
CD19,NCT06097455,2024-01-15,NOT_YET_RECRUITING,EARLY_PHASE1
CD19,NCT02819726,2016-10-11,COMPLETED,PHASE1
CD19,NCT04578210,2020-09-04,COMPLETED,PHASE1
CD19,NCT01515462,2010-04-20,COMPLETED,PHASE1
CD19,NCT02106091,2014-04,TERMINATED,PHASE1
CD19,NCT01536379,2013-09,COMPLETED,PHASE2
CD19,NCT07765524,2026-08,NOT_YET_RECRUITING,PHASE1
CD19,NCT01077518,2010-08-26,TERMINATED,PHASE3
CD19,NCT03574545,2018-12-19,COMPLETED,PHASE1
CD19,NCT07714798,2026-07-06,NOT_YET_RECRUITING,PHASE1
CD19,NCT04291781,2020-04-13,COMPLETED,PHASE2
CD19,NCT06792344,2025-12-14,SUSPENDED,PHASE1
CD19,NCT06519487,2025-02-27,ENROLLING_BY_INVITATION,NA
CD19,NCT05281809,2022-04-19,RECRUITING,PHASE2
CD19,NCT06367114,2024-04,UNKNOWN,PHASE2
CD19,NCT01933516,2013-05,COMPLETED,PHASE1
CD19,NCT04154709,2019-12-10,UNKNOWN,PHASE1
CD19,NCT00882999,2009-04,COMPLETED,PHASE2
CD19,NCT07077512,2025-09-15,RECRUITING,PHASE2
CD19,NCT04553393,2020-09-09,UNKNOWN,PHASE1
CD19,NCT04558736,2021-01-21,RECRUITING,PHASE2
CD19,NCT07357467,2026-03,NOT_YET_RECRUITING,
CD19,NCT07248163,2025-03-11,RECRUITING,NA
CD19,NCT03150693,2017-09-20,RECRUITING,PHASE3
CD19,NCT07478848,2026-05-29,RECRUITING,PHASE1
CD19,NCT05202782,2022-03-21,ACTIVE_NOT_RECRUITING,PHASE2
CD19,NCT04410978,2020-06-30,COMPLETED,PHASE3
CD19,NCT00996606,2009-10,COMPLETED,PHASE3
CD19,NCT06522932,2024-10-23,RECRUITING,PHASE1
CD19,NCT05411757,2022-06-30,UNKNOWN,EARLY_PHASE1
CD19,NCT05776407,2023-05,UNKNOWN,PHASE1
CD19,NCT06106906,2024-06-19,RECRUITING,PHASE1
CD19,NCT02618967,2016-03-28,COMPLETED,PHASE1
CD19,NCT00983619,2010-04-16,COMPLETED,PHASE1
CD19,NCT07732309,2026-09-01,NOT_YET_RECRUITING,PHASE1
CD19,NCT04026100,2019-12-01,UNKNOWN,PHASE1
CD19,NCT07115745,2025-09-04,RECRUITING,PHASE1
CD19,NCT07439029,2026-03,NOT_YET_RECRUITING,PHASE1
CD19,NCT05303272,2021-02-01,UNKNOWN,PHASE4
CD19,NCT06400537,2024-07-20,RECRUITING,PHASE1
CD19,NCT05691153,2022-12-01,UNKNOWN,PHASE1
CD19,NCT06590545,2025-01,NOT_YET_RECRUITING,PHASE1
CD19,NCT07015983,2025-07-14,ACTIVE_NOT_RECRUITING,PHASE2
CD19,NCT07350837,2026-01-28,RECRUITING,EARLY_PHASE1
CD19,NCT07754682,2026-09-01,NOT_YET_RECRUITING,PHASE3
CD19,NCT07509086,2025-12-29,RECRUITING,PHASE2
CD19,NCT06037018,2023-08-07,RECRUITING,PHASE1
CD19,NCT03407859,2016-01-18,UNKNOWN,EARLY_PHASE1
CD19,NCT06285279,2024-03-04,RECRUITING,PHASE1
CD19,NCT06852573,2025-02-20,NOT_YET_RECRUITING,PHASE1
CD19,NCT01716442,2012-08,UNKNOWN,PHASE2
CD19,NCT02242942,2014-12-31,COMPLETED,PHASE3
CD19,NCT00475423,2007-05,COMPLETED,PHASE2
CD19,NCT07038382,2025-08-05,RECRUITING,PHASE2
CD19,NCT01470456,2011-11,COMPLETED,PHASE2
CD19,NCT07793903,2026-10,NOT_YET_RECRUITING,NA
CD19,NCT00483756,2007-08,COMPLETED,PHASE2
CD19,NCT05077527,2025-02-13,RECRUITING,PHASE1
CD19,NCT01520922,2012-03,COMPLETED,PHASE2
CD19,NCT02021825,2009-03,UNKNOWN,PHASE4
CD19,NCT05232825,2022-05-03,COMPLETED,PHASE3
CD19,NCT07349823,2026-01-26,NOT_YET_RECRUITING,EARLY_PHASE1
CD19,NCT06733935,2024-11-04,RECRUITING,PHASE1
CD19,NCT04693676,2020-08-03,UNKNOWN,PHASE1
CD19,NCT04316624,2019-09-29,COMPLETED,PHASE1
CD19,NCT07166549,2026-06,NOT_YET_RECRUITING,PHASE1
CD19,NCT03265106,2016-11-01,UNKNOWN,PHASE1
CD19,NCT01808326,2013-04,COMPLETED,PHASE2
CD19,NCT03027739,2016-11,UNKNOWN,PHASE2
CD19,NCT07537049,2026-04-30,NOT_YET_RECRUITING,PHASE1
CD19,NCT06238648,2024-01-31,RECRUITING,PHASE2
CD19,NCT03642626,2018-12-18,ACTIVE_NOT_RECRUITING,PHASE2
CD19,NCT06144606,2023-12-26,RECRUITING,PHASE2
CD19,NCT03332121,2018-03-22,COMPLETED,PHASE1
CD19,NCT05826535,2023-05-09,RECRUITING,PHASE1
CD19,NCT07324889,2026-01-31,NOT_YET_RECRUITING,PHASE1
CD19,NCT07371468,2026-02-10,RECRUITING,PHASE1
CD19,NCT07239323,2025-07-01,RECRUITING,PHASE1
CD19,NCT06888960,2024-11-08,RECRUITING,EARLY_PHASE1
CD19,NCT05259813,2022-02-28,WITHDRAWN,PHASE1
CD19,NCT01685021,2013-04,TERMINATED,PHASE2
CD19,NCT07558850,2026-05-10,RECRUITING,NA
CD19,NCT07676877,2026-09-01,NOT_YET_RECRUITING,PHASE1
CD19,NCT06384976,2024-09-20,ACTIVE_NOT_RECRUITING,PHASE2
CD19,NCT06253663,2024-03-18,ACTIVE_NOT_RECRUITING,PHASE2
CD19,NCT02880852,2017-01-23,COMPLETED,PHASE1
CD19,NCT04152148,2018-09-04,COMPLETED,PHASE1
CD19,NCT03019055,2017-10-16,COMPLETED,PHASE1
CD19,NCT05310591,2023-03-15,RECRUITING,PHASE1
CD19,NCT06349343,2025-02-10,RECRUITING,PHASE1
CD19,NCT00576758,2008-01,COMPLETED,PHASE2
CD19,NCT04134117,2019-01-01,COMPLETED,PHASE1
CD19,NCT07563543,2026-05-08,NOT_YET_RECRUITING,EARLY_PHASE1
CD19,NCT05379647,2021-11-04,UNKNOWN,PHASE1
CD19,NCT05359211,2022-12-08,COMPLETED,PHASE1
CD19,NCT01759030,2012-12,COMPLETED,PHASE3
CD19,NCT04557436,2020-08-12,COMPLETED,PHASE1
CD19,NCT04067414,2018-06-08,COMPLETED,PHASE1
CD19,NCT07490275,2026-07-01,NOT_YET_RECRUITING,PHASE1
CD19,NCT01101581,2010-05,WITHDRAWN,PHASE1
CD19,NCT04287309,2020-02-28,UNKNOWN,
CD19,NCT02143414,2015-06-30,ACTIVE_NOT_RECRUITING,PHASE2
CD19,NCT04684563,2021-05-06,ACTIVE_NOT_RECRUITING,PHASE1
CD19,NCT06478381,2024-06-01,UNKNOWN,PHASE1
CD19,NCT06060509,2023-03-01,COMPLETED,NA
CD19,NCT00639834,2008-02,COMPLETED,PHASE1
CD19,NCT07093411,2025-08-05,RECRUITING,EARLY_PHASE1
CD19,NCT06104592,2023-11-08,RECRUITING,PHASE2
CD19,NCT04637763,2021-05-26,UNKNOWN,PHASE1
CD19,NCT05672173,2023-06-02,ACTIVE_NOT_RECRUITING,PHASE2
CD19,NCT03597594,2021-09-02,ACTIVE_NOT_RECRUITING,PHASE1
CD19,NCT07507201,2026-04-01,RECRUITING,EARLY_PHASE1
CD19,NCT07312630,2025-09-25,RECRUITING,EARLY_PHASE1
CD19,NCT02650999,2016-01,COMPLETED,PHASE1
CD19,NCT07724834,2026-12-01,NOT_YET_RECRUITING,PHASE2
CD19,NCT02738775,2016-05-27,COMPLETED,PHASE2
CD19,NCT05641428,2022-10-18,RECRUITING,PHASE2
CD19,NCT04411641,2020-09-24,COMPLETED,PHASE3
CD19,NCT00299130,2005-10,COMPLETED,PHASE3
CD19,NCT07662928,2026-09-17,NOT_YET_RECRUITING,PHASE2
CD19,NCT06892145,2025-06-12,RECRUITING,PHASE1
CD19,NCT07224373,2025-12-09,RECRUITING,PHASE1
CD19,NCT01198002,2010-12,TERMINATED,PHASE3
CD19,NCT02614066,2016-03-07,COMPLETED,PHASE1
CD19,NCT07518329,2026-08-20,NOT_YET_RECRUITING,PHASE1
CD19,NCT07299422,2026-04-03,RECRUITING,PHASE2
CD19,NCT07361029,2025-07-29,RECRUITING,PHASE1
CD19,NCT07606937,2026-06-12,RECRUITING,EARLY_PHASE1
CD19,NCT07637929,2026-06,NOT_YET_RECRUITING,
CD19,NCT00466531,2007-03-21,ACTIVE_NOT_RECRUITING,PHASE1
CD19,NCT04844866,2021-08-18,RECRUITING,PHASE2
CD19,NCT02005289,2014-01-17,COMPLETED,PHASE2
CD19,NCT06842589,2025-05-14,WITHDRAWN,PHASE1
CD19,NCT01318317,2011-10-20,ACTIVE_NOT_RECRUITING,PHASE1
CD19,NCT06173518,2023-11-16,RECRUITING,PHASE1
CD19,NCT05455697,2023-01-26,ACTIVE_NOT_RECRUITING,PHASE1
CD19,NCT03684889,2018-11-28,ACTIVE_NOT_RECRUITING,PHASE1
CD19,NCT05600426,2023-01-25,ACTIVE_NOT_RECRUITING,PHASE3
CD19,NCT03068416,2017-09-18,COMPLETED,PHASE2
CD19,NCT05502731,2022-10,UNKNOWN,PHASE4
CD19,NCT06294236,2024-04-29,ACTIVE_NOT_RECRUITING,PHASE1
CD19,NCT06310811,2024-03-07,SUSPENDED,NA
CD19,NCT05052528,2021-09-17,RECRUITING,PHASE1
CD19,NCT05015972,2021-08-20,WITHDRAWN,EARLY_PHASE1
CD19,NCT04134936,2019-12-11,COMPLETED,PHASE1
CD19,NCT04608487,2020-12-04,ACTIVE_NOT_RECRUITING,PHASE1
CD19,NCT07266181,2025-12-08,RECRUITING,PHASE1
CD19,NCT06220487,2024-02-01,RECRUITING,PHASE2
CD19,NCT07085104,2025-11-13,RECRUITING,PHASE1
CD19,NCT02007811,2013-11,UNKNOWN,PHASE1
CD19,NCT05901207,2024-05-02,UNKNOWN,
CD19,NCT04889716,2021-11-05,ACTIVE_NOT_RECRUITING,PHASE2
CD19,NCT04127747,2020-08-18,UNKNOWN,PHASE4
CD19,NCT05938725,2023-04-28,TERMINATED,PHASE1
CD19,NCT05667155,2022-12-15,UNKNOWN,PHASE1
CD19,NCT04206943,2019-10-12,UNKNOWN,PHASE1
CD19,NCT04256252,2014-04,COMPLETED,PHASE4
CD19,NCT07367685,2026-05-01,NOT_YET_RECRUITING,PHASE1
CD19,NCT06920433,2025-04-08,RECRUITING,EARLY_PHASE1
CD19,NCT07024147,2025-07-01,NOT_YET_RECRUITING,PHASE1
CD19,NCT03959085,2019-10-31,RECRUITING,PHASE3
CD19,NCT06167785,2025-06-04,RECRUITING,PHASE2
CD19,NCT07532525,2026-09-01,RECRUITING,PHASE1
CD19,NCT00718549,2009-07-21,COMPLETED,PHASE3
CD19,NCT04384393,2020-05-09,UNKNOWN,PHASE1
CD19,NCT06447987,2024-11-06,SUSPENDED,PHASE1
CD19,NCT07157787,2025-09-19,RECRUITING,PHASE2
CD19,NCT04440436,2020-06-04,RECRUITING,PHASE1
CD19,NCT03344367,2017-11-16,UNKNOWN,PHASE1
CD19,NCT03982992,2019-06-01,WITHDRAWN,PHASE2
CD19,NCT07328503,2026-06-16,RECRUITING,PHASE2
CD19,NCT02557061,2009-04,COMPLETED,NA
CD19,NCT06866873,2024-05-01,RECRUITING,NA
CD19,NCT05535673,2022-09-02,UNKNOWN,PHASE1
CD19,NCT06093841,2023-11-03,ACTIVE_NOT_RECRUITING,PHASE2
CD19,NCT03142646,2016-08-30,UNKNOWN,PHASE1
CD19,NCT04877080,2021-05-05,WITHDRAWN,PHASE1
CD19,NCT01105273,2009-07,COMPLETED,PHASE1
CD19,NCT07818694,2026-09-30,NOT_YET_RECRUITING,PHASE1
CD19,NCT06549296,2024-09-13,SUSPENDED,EARLY_PHASE1
CD19,NCT06633042,2024-11-25,NOT_YET_RECRUITING,PHASE1
CD19,NCT05429905,2022-07-18,UNKNOWN,PHASE1
CD19,NCT06408194,2024-05-13,RECRUITING,PHASE1
CD19,NCT03089645,2017-03-21,COMPLETED,PHASE1
CD19,NCT07429461,2026-02-28,RECRUITING,EARLY_PHASE1
CD19,NCT06359041,2024-12-17,RECRUITING,PHASE1
CD19,NCT06479356,2024-08-15,RECRUITING,PHASE2
CD19,NCT05718869,2023-05-18,ACTIVE_NOT_RECRUITING,PHASE2
CD19,NCT00622388,2007-12,COMPLETED,PHASE2
CD19,NCT07476729,2026-04-01,NOT_YET_RECRUITING,PHASE3
CD19,NCT07043946,2025-06-30,RECRUITING,PHASE1
CD19,NCT01787253,2010-11,COMPLETED,
CD19,NCT02790515,2016-07-14,ACTIVE_NOT_RECRUITING,PHASE2
CD19,NCT05640713,2022-12-01,UNKNOWN,PHASE1
CD19,NCT06056752,2023-09-27,UNKNOWN,PHASE1
CD19,NCT07066982,2025-05-29,RECRUITING,PHASE1
CD19,NCT07597668,2025-04-16,ACTIVE_NOT_RECRUITING,PHASE1
CD19,NCT04697940,2021-04-15,ACTIVE_NOT_RECRUITING,PHASE1
CD19,NCT06138132,2024-04-10,RECRUITING,PHASE1
CD19,NCT06342960,2022-12-01,TERMINATED,PHASE1
CD19,NCT07020260,2025-09-01,NOT_YET_RECRUITING,PHASE1
CD19,NCT03512405,2019-08-02,ACTIVE_NOT_RECRUITING,PHASE1
CD19,NCT00496132,2007-08-27,TERMINATED,PHASE1
CD19,NCT07604792,2025-09-25,SUSPENDED,EARLY_PHASE1
CD19,NCT01596699,2012-05-24,TERMINATED,PHASE2
CD19,NCT03683498,2018-09-25,COMPLETED,PHASE1
CD19,NCT06986434,2026-04-02,NOT_YET_RECRUITING,EARLY_PHASE1
CD19,NCT00553098,2006-06,COMPLETED,PHASE2
CD19,NCT07097207,2023-10-01,RECRUITING,PHASE1
CD19,NCT06983964,2025-02-20,RECRUITING,NA
CD19,NCT04103905,2017-02-10,COMPLETED,PHASE1
CD19,NCT07137494,2025-08-14,RECRUITING,PHASE1
CD19,NCT07352332,2025-09-30,RECRUITING,
CD19,NCT07457944,2019-01-01,COMPLETED,
CD19,NCT05114109,2021-11-01,UNKNOWN,PHASE2
CD19,NCT07715136,2025-03-20,RECRUITING,PHASE1
CD19,NCT07071909,2025-01-20,WITHDRAWN,PHASE1
CD19,NCT05665166,2023-06-01,ACTIVE_NOT_RECRUITING,PHASE1
CD19,NCT06235229,2023-12-26,RECRUITING,PHASE1
CD19,NCT03751072,2018-07-16,COMPLETED,
CD19,NCT07827742,2026-10,NOT_YET_RECRUITING,PHASE2
CD19,NCT04637269,2020-11-17,UNKNOWN,EARLY_PHASE1
CD19,NCT00274742,2004-06,COMPLETED,PHASE1
CD19,NCT06827470,2025-11-24,RECRUITING,PHASE1
CD19,NCT04556266,2021-07-01,WITHDRAWN,PHASE1
CD19,NCT06549231,2025-01-08,RECRUITING,PHASE3
CD19,NCT07804004,2026-09-15,NOT_YET_RECRUITING,PHASE1
CD19,NCT06548620,2024-08-31,WITHDRAWN,EARLY_PHASE1
CD19,NCT06378190,2024-03-11,RECRUITING,PHASE1
CD19,NCT00889408,2013-12-02,COMPLETED,PHASE1
CD19,NCT05263817,2021-10-08,UNKNOWN,EARLY_PHASE1
CD19,NCT04935580,2021-06-28,UNKNOWN,PHASE1
CD19,NCT07274059,2025-03-26,RECRUITING,EARLY_PHASE1
CD19,NCT00536120,2008-01,COMPLETED,PHASE4
CD19,NCT03287817,2017-09-05,TERMINATED,PHASE1
CD19,NCT04784052,2021-12-07,RECRUITING,PHASE1
CD19,NCT07506668,2026-03-23,NOT_YET_RECRUITING,PHASE1
CD19,NCT01045460,2010-01-15,COMPLETED,PHASE2
CD19,NCT04412174,2020-06,UNKNOWN,EARLY_PHASE1
CD19,NCT04626908,2020-11-20,UNKNOWN,PHASE1
CD19,NCT04257578,2020-12-02,ACTIVE_NOT_RECRUITING,PHASE1
CD19,NCT02361346,2015-02,TERMINATED,PHASE1
CD19,NCT06508775,2024-05-05,RECRUITING,NA
CD19,NCT05910801,2024-01-04,RECRUITING,PHASE2
CD19,NCT06333275,2023-11-14,RECRUITING,
CD19,NCT05873712,2023-07-28,RECRUITING,PHASE2
CD19,NCT06009107,2025-06-30,WITHDRAWN,PHASE1
CD19,NCT07746453,2026-08-31,NOT_YET_RECRUITING,NA
CD19,NCT03289819,2018-03-23,COMPLETED,PHASE2
CD19,NCT07729995,2026-10,NOT_YET_RECRUITING,PHASE1
CD19,NCT00837811,2009-02,COMPLETED,PHASE2
CD19,NCT02495129,2015-12,WITHDRAWN,PHASE1
CD19,NCT06373991,2024-07-24,NOT_YET_RECRUITING,PHASE1
CD19,NCT06435897,2027-06-30,NOT_YET_RECRUITING,PHASE1
CD19,NCT03478670,2017-05-05,ENROLLING_BY_INVITATION,
CD19,NCT02855359,2016-08,TERMINATED,PHASE2
CD19,NCT07233642,2025-11,RECRUITING,PHASE1
CD19,NCT03101709,2016-08,UNKNOWN,PHASE1
CD19,NCT04546399,2020-12-17,RECRUITING,PHASE2
CD19,NCT05842707,2023-01-18,RECRUITING,PHASE1
CD19,NCT06429800,2025-04-16,WITHDRAWN,PHASE1
CD19,NCT07049172,2021-01-01,COMPLETED,NA
CD19,NCT07132398,2025-09-01,NOT_YET_RECRUITING,PHASE3
CD19,NCT04274257,2017-12-04,COMPLETED,PHASE2
CD19,NCT04836507,2021-03-02,RECRUITING,PHASE1
CD19,NCT05054257,2021-06-02,RECRUITING,PHASE1
CD19,NCT05532163,2023-01-23,TERMINATED,PHASE4
CD19,NCT04484012,2020-12-31,RECRUITING,PHASE2
CD19,NCT03615144,2018-07-23,TERMINATED,PHASE2
CD19,NCT01148667,2007-03,COMPLETED,PHASE4
CD19,NCT06287528,2024-02-23,RECRUITING,PHASE1
CD19,NCT04825496,2021-04-09,UNKNOWN,PHASE1
CD19,NCT04296461,2020-07-27,UNKNOWN,PHASE1
CD19,NCT07081646,2025-08-18,RECRUITING,PHASE1
CD19,NCT07748156,2026-10,NOT_YET_RECRUITING,EARLY_PHASE1
CD19,NCT02858570,2018-09-25,UNKNOWN,PHASE2
CD19,NCT06787989,2024-08-31,RECRUITING,PHASE1
CD19,NCT07240974,2025-10-28,RECRUITING,EARLY_PHASE1
CD19,NCT05459870,2027-06-01,NOT_YET_RECRUITING,PHASE1
CD19,NCT02877303,2016-11-01,RECRUITING,PHASE2
CD19,NCT06420154,2024-05-27,NOT_YET_RECRUITING,EARLY_PHASE1
CD19,NCT03793270,2019-01-03,UNKNOWN,
CD19,NCT03016377,2012-03-22,ACTIVE_NOT_RECRUITING,PHASE1
CD19,NCT06189157,2024-08-12,RECRUITING,PHASE1
CD19,NCT01736696,2002-11,COMPLETED,PHASE1
CD19,NCT03369301,2017-09-25,COMPLETED,
CD19,NCT07333677,2026-01-29,RECRUITING,EARLY_PHASE1
CD19,NCT02694913,2015-11,COMPLETED,
CD19,NCT06561425,2022-03-09,TERMINATED,PHASE1
CD19,NCT06317662,2025-06-05,RECRUITING,PHASE2
CD19,NCT03147612,2018-02-08,ACTIVE_NOT_RECRUITING,PHASE2
CD19,NCT04340167,2020-05-01,COMPLETED,PHASE2
CD19,NCT04464200,2020-07-06,ACTIVE_NOT_RECRUITING,PHASE1
CD19,NCT03666000,2019-03-11,RECRUITING,PHASE1
CD19,NCT03497819,2017-10-01,UNKNOWN,EARLY_PHASE1
CD19,NCT06886919,2025-03-31,NOT_YET_RECRUITING,EARLY_PHASE1
CD19,NCT00329030,2005-12,COMPLETED,PHASE3
CD19,NCT06044350,2023-08-01,ACTIVE_NOT_RECRUITING,PHASE2
CD19,NCT07319676,2026-03-02,RECRUITING,PHASE1
CD19,NCT04107285,2019-09-25,RECRUITING,
CD19,NCT05871684,2023-06-10,UNKNOWN,PHASE2
CD19,NCT06826118,2025-02-08,RECRUITING,PHASE2
CD19,NCT04336254,2020-05-06,UNKNOWN,PHASE1
CD19,NCT01643928,2012-08-16,COMPLETED,NA
CD19,NCT03765177,2019-10-16,RECRUITING,PHASE1
CD19,NCT01626495,2011-08-17,COMPLETED,PHASE1
CD19,NCT03605589,2018-09-27,WITHDRAWN,PHASE1
CD19,NCT06564311,2024-08-26,ACTIVE_NOT_RECRUITING,PHASE2
CD19,NCT04824092,2021-05-11,ACTIVE_NOT_RECRUITING,PHASE3
CD19,NCT04004819,2019-08-15,UNKNOWN,PHASE2
CD19,NCT02918292,2017-07-03,COMPLETED,PHASE2
CD19,NCT02101853,2014-12-17,ACTIVE_NOT_RECRUITING,PHASE3
CD19,NCT06154252,2023-12-20,RECRUITING,PHASE2
CD19,NCT03792633,2019-01-18,COMPLETED,PHASE2
CD19,NCT03049449,2017-03-17,COMPLETED,PHASE1
CD19,NCT05168748,2023-01-24,WITHDRAWN,PHASE1
CD19,NCT07454226,2026-05-30,RECRUITING,NA
CD19,NCT06295549,2024-04-11,TERMINATED,PHASE1
CD19,NCT04544592,2021-03-10,RECRUITING,PHASE1
CD19,NCT02976857,2016-12,COMPLETED,PHASE1
CD19,NCT06544265,2024-11-01,RECRUITING,PHASE1
CD19,NCT02935257,2017-09-29,ACTIVE_NOT_RECRUITING,PHASE1
CD19,NCT04690192,2021-01-01,COMPLETED,PHASE1
CD19,NCT03751709,2020-02-14,COMPLETED,PHASE1
CD19,NCT06387121,2024-04-02,RECRUITING,PHASE2
CD19,NCT03423706,2018-05-07,UNKNOWN,NA
CD19,NCT07177911,2025-09-11,RECRUITING,PHASE1
CD19,NCT05878184,2023-05-02,ACTIVE_NOT_RECRUITING,PHASE1
CD19,NCT05404048,2022-05-18,ACTIVE_NOT_RECRUITING,PHASE2
CD19,NCT05914155,2023-06-24,ACTIVE_NOT_RECRUITING,PHASE3
CD19,NCT01685008,2013-04-23,COMPLETED,PHASE2
CD19,NCT02375711,2014-03,TERMINATED,NA
CD19,NCT05421663,2022-08-12,ACTIVE_NOT_RECRUITING,PHASE1
CD19,NCT00452127,2007-05,TERMINATED,PHASE1
CD19,NCT05137275,2021-11-24,UNKNOWN,EARLY_PHASE1
CD19,NCT05978661,2023-08-29,UNKNOWN,PHASE1
CD19,NCT07360288,2026-03-01,NOT_YET_RECRUITING,PHASE2
CD19,NCT06078696,2023-09-28,TERMINATED,PHASE1
CD19,NCT05081479,2021-12-08,ACTIVE_NOT_RECRUITING,PHASE1
CD19,NCT07155369,2025-03-18,ACTIVE_NOT_RECRUITING,NA
CD19,NCT07047573,2025-06-01,RECRUITING,
CD19,NCT05618041,2022-09-07,RECRUITING,NA
CD19,NCT06949241,2019-12-01,ACTIVE_NOT_RECRUITING,
CD19,NCT07361094,2025-11-06,RECRUITING,PHASE1
CD19,NCT01475058,2012-04,COMPLETED,PHASE1
CD19,NCT06879340,2025-03-31,RECRUITING,PHASE1
CD19,NCT06205290,2024-01-16,WITHDRAWN,PHASE3
CD19,NCT04510220,2020-09-21,COMPLETED,PHASE3
CD19,NCT02639910,2016-11,COMPLETED,PHASE2
CD19,NCT06705530,2024-11-26,COMPLETED,PHASE1
CD19,NCT02738411,2017-05-12,COMPLETED,
CD19,NCT07491900,2026-03-23,RECRUITING,PHASE1
CD19,NCT07620275,2026-09-03,RECRUITING,PHASE1
CD19,NCT03105336,2017-06-06,COMPLETED,PHASE2
CD19,NCT05784415,2021-05-22,COMPLETED,
CD19,NCT02592876,2015-10,TERMINATED,PHASE2
CD19,NCT04792489,2021-05-25,RECRUITING,PHASE2
CD19,NCT03061838,2016-10-27,TERMINATED,PHASE1
CD19,NCT04790747,2021-03,UNKNOWN,PHASE1
CD19,NCT02746952,2016-08-01,COMPLETED,PHASE1
CD19,NCT06316076,2023-10-30,UNKNOWN,PHASE1
CD19,NCT04684147,2020-12-24,RECRUITING,PHASE2
CD19,NCT04807738,2021-04-01,COMPLETED,NA
CD19,NCT04601584,2020-10-15,TERMINATED,PHASE1
CD19,NCT03098355,2017-12-30,WITHDRAWN,PHASE1
CD19,NCT07029178,2025-11-24,RECRUITING,PHASE2
CD19,NCT07775508,2026-06-01,RECRUITING,PHASE1
CD19,NCT07200089,2026-08-31,RECRUITING,PHASE1
CD19,NCT00719849,2005-11,TERMINATED,PHASE2
CD19,NCT07038447,2025-07-02,ENROLLING_BY_INVITATION,PHASE1
CD19,NCT04617704,2021-12-01,UNKNOWN,EARLY_PHASE1
CD19,NCT06121297,2024-02-16,RECRUITING,PHASE1
CD19,NCT02652468,2016-03-10,COMPLETED,NA
CD19,NCT07193667,2025-10,RECRUITING,NA
CD19,NCT04195932,1996-12,COMPLETED,NA
CD19,NCT04226521,2018-01-01,COMPLETED,NA
CD19,NCT06138444,2022-11-22,COMPLETED,NA
CD19,NCT02926833,2016-09-29,COMPLETED,PHASE1
CD19,NCT04148430,2019-10-30,ACTIVE_NOT_RECRUITING,PHASE2
CD19,NCT05789498,2023-02-12,UNKNOWN,
CD19,NCT05292898,2022-03-14,TERMINATED,PHASE1
CD19,NCT03299738,2017-12,UNKNOWN,PHASE1
CD19,NCT07556055,2026-03-30,NOT_YET_RECRUITING,
CD19,NCT05885555,2023-08-16,ACTIVE_NOT_RECRUITING,PHASE2
CD19,NCT02345135,2012-09,COMPLETED,NA
CD19,NCT07349849,2025-12-20,RECRUITING,EARLY_PHASE1
CD19,NCT07403097,2026-02,RECRUITING,PHASE1
CD19,NCT04317885,2019-11-05,COMPLETED,PHASE1
CD19,NCT06794008,2024-12-26,RECRUITING,PHASE2
CD19,NCT06654817,2023-01-01,COMPLETED,
CD19,NCT07133997,2026-05-20,RECRUITING,PHASE1
CD19,NCT06581081,2024-10-01,RECRUITING,NA
CD19,NCT04430530,2026-06-01,TERMINATED,PHASE1
CD19,NCT06610344,2025-01-07,RECRUITING,NA
CD19,NCT06701201,2025-01-27,ENROLLING_BY_INVITATION,
CD19,NCT00444912,2006-02,COMPLETED,PHASE2
CD19,NCT06916767,2025-07-15,RECRUITING,PHASE1
CD19,NCT06993493,2025-02-20,RECRUITING,NA
CD19,NCT05850234,2023-07-20,RECRUITING,PHASE1
CD19,NCT06902012,2027-02,RECRUITING,PHASE1
CD19,NCT04871165,2021-03-24,UNKNOWN,
CD19,NCT07569965,2026-09,NOT_YET_RECRUITING,PHASE2
CD19,NCT06691152,2024-10-30,RECRUITING,PHASE1
CD19,NCT07724106,2026-09-10,RECRUITING,PHASE1
CD19,NCT07725406,2026-08-01,NOT_YET_RECRUITING,PHASE1
CD19,NCT00976599,2009-11,COMPLETED,PHASE2
CD19,NCT07339332,2026-01-16,RECRUITING,EARLY_PHASE1
CD19,NCT07144462,2025-09-04,RECRUITING,EARLY_PHASE1
CD19,NCT07246096,2026-02-20,RECRUITING,EARLY_PHASE1
CD19,NCT06733610,2024-12-05,RECRUITING,PHASE1
CD19,NCT02208362,2015-05-18,ACTIVE_NOT_RECRUITING,PHASE1
CD19,NCT03244306,2017-07-27,COMPLETED,PHASE1
CD19,NCT07220252,2026-07-01,RECRUITING,PHASE2
CD19,NCT07361224,2026-05,RECRUITING,PHASE1
CD19,NCT06994143,2025-05-19,RECRUITING,PHASE1
CD19,NCT07720310,2026-03-09,ENROLLING_BY_INVITATION,
CD19,NCT01186913,2010-09-02,ENROLLING_BY_INVITATION,
CD19,NCT06758713,2025-01-15,RECRUITING,PHASE1
CD19,NCT03321123,2017-12-01,UNKNOWN,PHASE2
CD19,NCT05474885,2022-04-01,UNKNOWN,PHASE1
CD19,NCT03719443,2018-10-09,COMPLETED,PHASE1
CD19,NCT01563055,2012-04,COMPLETED,PHASE2
CD19,NCT05391490,2023-02-06,RECRUITING,PHASE1
CD19,NCT05757310,2024-11-15,RECRUITING,PHASE1
CD19,NCT05504694,2022-06-28,RECRUITING,PHASE1
CD19,NCT04288739,2020-10-02,UNKNOWN,
CD19,NCT04743739,2021-04-14,TERMINATED,PHASE3
CD19,NCT05440409,2021-10-14,COMPLETED,
CD19,NCT06421701,2024-08-01,UNKNOWN,PHASE1
CD19,NCT06685042,2024-11-29,RECRUITING,PHASE1
CD19,NCT07476066,2026-03-15,NOT_YET_RECRUITING,PHASE1
CD19,NCT07443137,2026-09,NOT_YET_RECRUITING,PHASE1
CD19,NCT07131254,2025-03-10,RECRUITING,EARLY_PHASE1
CD19,NCT03939026,2019-05-01,COMPLETED,PHASE1
CD19,NCT02668315,2015-12-16,COMPLETED,PHASE1
CD19,NCT03620058,2018-09-27,ACTIVE_NOT_RECRUITING,PHASE1
CD19,NCT05293158,2024-11,UNKNOWN,NA
CD19,NCT05020678,2021-08-20,ACTIVE_NOT_RECRUITING,PHASE1
CD19,NCT06365671,2024-04-16,RECRUITING,PHASE2
CD19,NCT03109093,2017-03-15,COMPLETED,PHASE2
CD19,NCT07073547,2025-07-31,RECRUITING,PHASE1
CD19,NCT03971487,2019-10-01,RECRUITING,PHASE1
CD19,NCT06092047,2023-10-01,RECRUITING,EARLY_PHASE1
CD19,NCT03257358,2017-09-19,COMPLETED,PHASE4
CD19,NCT06698484,2021-06-03,RECRUITING,PHASE2
CD19,NCT04416984,2020-05-21,ACTIVE_NOT_RECRUITING,PHASE1
CD19,NCT07764978,2026-06-26,RECRUITING,PHASE3
CD19,NCT04129099,2019-10-22,UNKNOWN,EARLY_PHASE1
CD19,NCT05679687,2022-12-01,UNKNOWN,PHASE1
CD19,NCT06465147,2024-12-16,RECRUITING,PHASE1
CD19,NCT03624036,2018-11-15,TERMINATED,PHASE1
CD19,NCT04830137,2021-05-05,RECRUITING,PHASE1
CD19,NCT03366350,2016-04-15,UNKNOWN,PHASE1
CD19,NCT05094206,2022-06-30,TERMINATED,PHASE1
CD19,NCT06834529,2025-01-20,RECRUITING,PHASE1
CD19,NCT07405970,2026-04-10,RECRUITING,PHASE3
CD19,NCT01950273,2013-09-27,COMPLETED,PHASE1
CD19,NCT07579741,2026-05-26,RECRUITING,PHASE1
CD19,NCT02782351,2016-05,UNKNOWN,PHASE1
CD19,NCT04077723,2019-08-13,ACTIVE_NOT_RECRUITING,PHASE1
CD19,NCT06613360,2025-01-21,RECRUITING,PHASE1
CD19,NCT05643742,2023-03-10,RECRUITING,PHASE1
CD19,NCT06680388,2024-11-15,RECRUITING,EARLY_PHASE1
CD19,NCT07523100,2026-04-07,NOT_YET_RECRUITING,PHASE1
CD19,NCT07271121,2025-02-12,RECRUITING,PHASE2
CD19,NCT04011293,2019-07,UNKNOWN,EARLY_PHASE1
CD19,NCT07205471,2025-09-24,RECRUITING,NA
CD19,NCT07432334,2026-03-01,RECRUITING,PHASE1
CD19,NCT02885610,2015-12,COMPLETED,PHASE2
CD19,NCT04893096,2021-10-22,COMPLETED,PHASE2
CD19,NCT06952413,2025-04-09,RECRUITING,PHASE2
CD19,NCT06047197,2023-09-05,RECRUITING,PHASE1
CD19,NCT04531046,2021-03-10,ACTIVE_NOT_RECRUITING,PHASE2
CD19,NCT04204161,2019-10-08,UNKNOWN,PHASE1
CD19,NCT07416201,2026-06-23,RECRUITING,
CD19,NCT04783675,2021-04-13,COMPLETED,PHASE2
CD19,NCT03056339,2017-06-21,COMPLETED,PHASE1
CD19,NCT00143065,2005-08,COMPLETED,PHASE2
CD19,NCT07104565,2025-12-29,RECRUITING,PHASE2
CD19,NCT07790575,2026-09,NOT_YET_RECRUITING,PHASE1
CD19,NCT06785519,2025-01-31,RECRUITING,EARLY_PHASE1
CD19,NCT06049381,2023-10-01,UNKNOWN,
CD19,NCT07539857,2026-04-01,RECRUITING,PHASE2
CD19,NCT03518112,2018-04-18,TERMINATED,PHASE2
CD19,NCT06328777,2024-07-02,RECRUITING,PHASE2
CD19,NCT07696481,2026-08-01,NOT_YET_RECRUITING,EARLY_PHASE1
CD19,NCT04806347,2026-09,NOT_YET_RECRUITING,PHASE1
CD19,NCT07613411,2026-06-01,NOT_YET_RECRUITING,EARLY_PHASE1
CD19,NCT05400109,2023-04-26,ACTIVE_NOT_RECRUITING,PHASE1
CD19,NCT07416032,2026-02-20,NOT_YET_RECRUITING,EARLY_PHASE1
CD19,NCT07592806,2026-09-01,NOT_YET_RECRUITING,NA
CD19,NCT02213263,2014-09-30,COMPLETED,PHASE3
CD19,NCT07295847,2026-01-09,RECRUITING,PHASE1
CD19,NCT06530849,2024-08-22,ACTIVE_NOT_RECRUITING,PHASE1
CD19,NCT06308978,2024-03-28,RECRUITING,PHASE1
CD19,NCT07215585,2025-11-11,RECRUITING,PHASE3
CD19,NCT07689604,2026-09-20,NOT_YET_RECRUITING,EARLY_PHASE1
CD19,NCT06939166,2025-06-17,RECRUITING,EARLY_PHASE1
CD19,NCT02119156,2014-05-13,COMPLETED,PHASE3
CD19,NCT02735083,2021-03-10,ACTIVE_NOT_RECRUITING,PHASE1
CD19,NCT06010472,2023-08-20,RECRUITING,EARLY_PHASE1
CD19,NCT06987916,2025-04-22,RECRUITING,PHASE1
CD19,NCT05200338,2021-06-08,UNKNOWN,NA
CD19,NCT05106907,2021-10-25,UNKNOWN,PHASE1
CD19,NCT03196830,2017-06-01,COMPLETED,PHASE2
CD19,NCT01419665,2011-12-01,COMPLETED,PHASE3
CD19,NCT07072247,2025-07-07,RECRUITING,PHASE1
CD19,NCT01815749,2013-10-08,ACTIVE_NOT_RECRUITING,PHASE1
CD19,NCT06116110,2024-05-15,RECRUITING,
CD19,NCT01786135,2013-02,COMPLETED,PHASE1
CD19,NCT04848493,2021-04-19,COMPLETED,
CD19,NCT05194709,2021-12-30,UNKNOWN,EARLY_PHASE1
CD19,NCT07241468,2025-11-15,RECRUITING,EARLY_PHASE1
CD19,NCT03571568,2018-05-16,RECRUITING,PHASE1
CD19,NCT04512716,2021-02-02,RECRUITING,EARLY_PHASE1
CD19,NCT05653349,2023-02-03,ACTIVE_NOT_RECRUITING,PHASE3
CD19,NCT05653219,2023-02-02,ACTIVE_NOT_RECRUITING,PHASE3
CD19,NCT02763319,2016-11-28,COMPLETED,PHASE2
CD19,NCT05420493,2021-09-06,UNKNOWN,PHASE1
CD19,NCT03864185,2019-03-28,COMPLETED,PHASE2
CD19,NCT03018093,2017-01,UNKNOWN,PHASE1
CD19,NCT00586391,2009-02,ACTIVE_NOT_RECRUITING,PHASE1
CD19,NCT07441291,2025-11-30,RECRUITING,PHASE3
CD19,NCT07031713,2025-07-11,RECRUITING,PHASE1
CD19,NCT01854827,2013-10,COMPLETED,PHASE1
CD19,NCT04680962,2023-08-03,WITHDRAWN,PHASE3
CD19,NCT05821088,2023-06-29,ACTIVE_NOT_RECRUITING,PHASE2
CD19,NCT04607408,2020-11-10,COMPLETED,PHASE1
CD19,NCT07701889,2026-10,NOT_YET_RECRUITING,PHASE1
CD19,NCT07686042,2026-06-24,NOT_YET_RECRUITING,PHASE4
CD19,NCT05030779,2021-09-10,UNKNOWN,EARLY_PHASE1
CD19,NCT07148791,2025-09-05,RECRUITING,PHASE2
CD19,NCT04186520,2020-05-18,RECRUITING,PHASE1
CD19,NCT02963610,2017-03-29,TERMINATED,PHASE1
CD19,NCT03355859,2018-01-05,UNKNOWN,PHASE1
CD19,NCT03542669,2018-08-03,UNKNOWN,PHASE1
CD19,NCT02807103,2016-12-05,COMPLETED,PHASE3
CD19,NCT05472610,2021-06-04,UNKNOWN,PHASE2
CD19,NCT06989541,2025-06-01,RECRUITING,
CD19,NCT06890494,2025-01-18,RECRUITING,EARLY_PHASE1
CD19,NCT05071222,2023-07-19,RECRUITING,PHASE1
CD19,NCT01207388,2010-11,COMPLETED,PHASE2
CD19,NCT03931642,2019-07-05,COMPLETED,PHASE2
CD19,NCT06711354,2025-06,UNKNOWN,
CD19,NCT07358988,2026-01,NOT_YET_RECRUITING,PHASE1
CD19,NCT04664127,2017-10-30,COMPLETED,
CD19,NCT05648968,2022-12-30,ACTIVE_NOT_RECRUITING,PHASE3
CD19,NCT06913608,2026-03,WITHDRAWN,PHASE1
CD19,NCT06649227,2025-07-10,RECRUITING,PHASE1
CD19,NCT01680991,2012-09,COMPLETED,PHASE1
CD19,NCT05972720,2023-08-01,TERMINATED,PHASE2
CD19,NCT03366324,2016-05-01,UNKNOWN,PHASE1
CD19,NCT01106950,2010-07,TERMINATED,PHASE2
CD19,NCT06316791,2021-12-14,RECRUITING,EARLY_PHASE1
CD19,NCT06043323,2024-01-08,RECRUITING,PHASE2
CD19,NCT06567080,2024-09,NOT_YET_RECRUITING,PHASE1
CD19,NCT05639179,2022-12-05,UNKNOWN,PHASE1
CD19,NCT06340490,2024-05-15,NOT_YET_RECRUITING,PHASE1
CD19,NCT05557110,2022-09-08,COMPLETED,PHASE2
CD19,NCT06920446,2025-04-03,NOT_YET_RECRUITING,EARLY_PHASE1
CD19,NCT04049383,2020-10-16,TERMINATED,PHASE1
CD19,NCT06003179,2024-04-05,WITHDRAWN,PHASE1
CD19,NCT07168486,2024-10-28,ENROLLING_BY_INVITATION,PHASE1
CD19,NCT01440179,2011-10,TERMINATED,PHASE2
CD19,NCT05943496,2023-10-02,RECRUITING,PHASE1
CD19,NCT03594162,,NO_LONGER_AVAILABLE,
CD19,NCT04340154,2020-05-01,TERMINATED,PHASE2
CD19,NCT00855205,2009-07,COMPLETED,PHASE2
CD19,NCT06222853,2024-02-10,ACTIVE_NOT_RECRUITING,PHASE1
CD19,NCT02799472,2016-06-15,COMPLETED,PHASE2
CD19,NCT07491263,2026-05-01,NOT_YET_RECRUITING,PHASE1
CD19,NCT07315087,2026-01-01,RECRUITING,PHASE1
CD19,NCT04250324,2019-11-19,UNKNOWN,PHASE1
CD19,NCT03818334,2018-11-06,RECRUITING,PHASE2
CD19,NCT06517004,2024-07-18,RECRUITING,PHASE1
CD19,NCT07120633,2025-09-01,RECRUITING,NA
CD19,NCT07771361,2026-12,NOT_YET_RECRUITING,PHASE2
CD19,NCT00989586,2009-09,COMPLETED,PHASE1
CD19,NCT04989803,2021-10-27,RECRUITING,PHASE1
CD19,NCT06333483,2024-02-02,ACTIVE_NOT_RECRUITING,PHASE1
CD19,NCT04796441,2020-12-16,UNKNOWN,NA
CD19,NCT03086954,2017-04,UNKNOWN,PHASE1
CD19,NCT04703686,2021-03-30,COMPLETED,PHASE2
CD19,NCT07052370,2025-09-25,RECRUITING,PHASE1
CD19,NCT03696784,2019-03-12,ACTIVE_NOT_RECRUITING,PHASE1
CD19,NCT06508346,2024-08-01,WITHDRAWN,
CD19,NCT05514327,2022-09-01,RECRUITING,NA
CD19,NCT00840853,2009-04,ACTIVE_NOT_RECRUITING,PHASE1
CD19,NCT07799207,2026-09-14,RECRUITING,NA
CD19,NCT00593944,2008-08,COMPLETED,PHASE1
CD19,NCT06790797,2023-02-12,RECRUITING,
CD19,NCT07473167,2023-08-03,RECRUITING,PHASE1
CD19,NCT07603557,2026-08-31,NOT_YET_RECRUITING,PHASE2
CD19,NCT03879382,2019-02-27,UNKNOWN,PHASE1
CD19,NCT07763210,2026-10-01,NOT_YET_RECRUITING,PHASE2
CD19,NCT02625480,2016-02-01,COMPLETED,PHASE1
CD19,NCT06464679,2024-06-27,RECRUITING,PHASE1
CD19,NCT06223646,2024-01-11,UNKNOWN,PHASE1
CD19,NCT01466179,2011-12,COMPLETED,PHASE2
CD19,NCT07364396,2026-02,NOT_YET_RECRUITING,PHASE1
CD19,NCT05679336,2018-05-01,UNKNOWN,NA
CD19,NCT00003659,1998-09,COMPLETED,PHASE2
CD19,NCT02924753,2016-07-18,UNKNOWN,PHASE1
CD19,NCT07032129,2025-04-29,RECRUITING,PHASE1
CD19,NCT02348216,2015-04-21,COMPLETED,PHASE1
CD19,NCT06508931,2025-08-04,RECRUITING,PHASE2
CD19,NCT07266337,2025-12-10,NOT_YET_RECRUITING,EARLY_PHASE1
CD19,NCT05078177,2020-12-21,UNKNOWN,PHASE1
CD19,NCT07003295,2026-07-08,RECRUITING,PHASE2
CD19,NCT05075603,2021-07-29,COMPLETED,PHASE1
CD19,NCT03441958,2018-03-07,COMPLETED,PHASE1
CD19,NCT02617485,2015-12,COMPLETED,PHASE3
CD19,NCT02833285,2015-05-01,RECRUITING,
CD19,NCT02747043,2016-05-25,COMPLETED,PHASE3
CD19,NCT02564055,2015-12-01,COMPLETED,PHASE2
CD19,NCT02903810,2016-09,UNKNOWN,PHASE1
CD19,NCT06451159,2024-06-20,ACTIVE_NOT_RECRUITING,PHASE1
CD19,NCT05098613,2021-12-21,RECRUITING,PHASE1
CD19,NCT05366218,2023-03-08,RECRUITING,PHASE1
CD19,NCT06821659,2026-11-01,NOT_YET_RECRUITING,PHASE1
CD19,NCT05914376,2023-07-05,ACTIVE_NOT_RECRUITING,PHASE1
CD19,NCT06193889,2024-08-28,RECRUITING,PHASE2
CD19,NCT02799550,2015-10,UNKNOWN,PHASE1
CD19,NCT05334823,2022-01-26,RECRUITING,PHASE2
CD19,NCT07493174,2026-04-15,NOT_YET_RECRUITING,PHASE1
CD19,NCT03851250,2019-07-04,TERMINATED,PHASE1
CD19,NCT02545868,2015-10-27,COMPLETED,PHASE3
CD19,NCT07316920,2025-12-22,NOT_YET_RECRUITING,PHASE1
CD19,NCT05270772,2021-02-25,UNKNOWN,PHASE1
CD19,NCT06775912,2025-01-03,RECRUITING,EARLY_PHASE1
CD19,NCT02879695,2017-10-25,ACTIVE_NOT_RECRUITING,PHASE1
CD19,NCT06220201,2024-03-28,ACTIVE_NOT_RECRUITING,PHASE1
CD19,NCT00655824,2008-01-01,TERMINATED,PHASE2
CD19,NCT02836067,2017-06-15,COMPLETED,NA
CD19,NCT07316907,2025-12-22,NOT_YET_RECRUITING,PHASE1
CD19,NCT06029634,2020-07-01,COMPLETED,
CD19,NCT03500731,2018-04-19,RECRUITING,PHASE1
CD19,NCT07602322,2026-05-14,NOT_YET_RECRUITING,PHASE2
CD19,NCT01209286,2010-10,COMPLETED,PHASE2
CD19,NCT04778579,2021-05-11,UNKNOWN,PHASE2
CD19,NCT07006805,2026-06,WITHDRAWN,PHASE1
CD19,NCT07564453,2025-04-01,RECRUITING,PHASE2
CD19,NCT07423572,2026-02-28,NOT_YET_RECRUITING,EARLY_PHASE1
CD19,NCT01596062,2012-03,COMPLETED,PHASE2
CD19,NCT04688788,2021-04-28,ACTIVE_NOT_RECRUITING,PHASE3
CD19,NCT04221477,2020-08-10,ACTIVE_NOT_RECRUITING,PHASE3
CD19,NCT06893328,2024-11-11,RECRUITING,
CD19,NCT03500575,2018-05-20,UNKNOWN,NA
CD19,NCT06142175,2022-12-28,UNKNOWN,
CD19,NCT06209619,2024-01-29,RECRUITING,PHASE1
CD19,NCT00611455,2008-01-01,TERMINATED,PHASE3
CD19,NCT00686868,2008-06-13,COMPLETED,PHASE1
CD19,NCT07502118,2025-09-11,RECRUITING,PHASE2
CD19,NCT03825718,2019-01-17,COMPLETED,EARLY_PHASE1
CD19,NCT00108108,2005-04,TERMINATED,PHASE1
CD19,NCT05963217,2023-07-26,RECRUITING,PHASE1
CD19,NCT07731789,2026-10-31,NOT_YET_RECRUITING,PHASE2
CD19,NCT01741792,2012-07,COMPLETED,PHASE2
CD19,NCT05000216,2021-08-13,TERMINATED,PHASE2
CD19,NCT03594487,2018-11-16,TERMINATED,PHASE1
CD19,NCT04799730,2021-05,UNKNOWN,
CD19,NCT06503211,2024-07-31,UNKNOWN,PHASE1
CD19,NCT05371093,2022-09-22,ACTIVE_NOT_RECRUITING,PHASE3
CD19,NCT05828212,2023-05-15,COMPLETED,PHASE1
CD19,NCT05809128,2019-05-29,UNKNOWN,
CD19,NCT06417398,2024-05-14,UNKNOWN,EARLY_PHASE1
CD19,NCT02937844,2016-07,UNKNOWN,PHASE1
CD19,NCT02228096,2014-08-14,COMPLETED,PHASE2
CD19,NCT07778446,2026-08-24,NOT_YET_RECRUITING,PHASE1
CD19,NCT03741088,2018-03-21,COMPLETED,NA
CD19,NCT07596680,2026-09-01,NOT_YET_RECRUITING,EARLY_PHASE1
CD19,NCT07523542,2026-03-02,RECRUITING,PHASE1
CD19,NCT06991920,2026-06-30,NOT_YET_RECRUITING,NA
CD19,NCT03218072,2014-05-04,COMPLETED,PHASE1
CD19,NCT06212154,2024-01-20,UNKNOWN,PHASE1
CD19,NCT06914713,2025-08-01,NOT_YET_RECRUITING,NA
CD19,NCT04049513,2019-10-11,ACTIVE_NOT_RECRUITING,PHASE1
CD19,NCT04806035,2021-04-28,TERMINATED,PHASE1
CD19,NCT04887025,2022-02-08,UNKNOWN,PHASE1
CD19,NCT05130489,2021-01-18,COMPLETED,
CD19,NCT06860269,2025-05-06,RECRUITING,PHASE2
CD19,NCT07101705,2025-09-08,RECRUITING,EARLY_PHASE1
CD19,NCT03528421,2018-05-22,UNKNOWN,PHASE1
CD19,NCT06005649,2025-09,WITHDRAWN,PHASE1
CD19,NCT07259070,2025-11-29,RECRUITING,PHASE1
CD19,NCT07048535,2025-10-24,RECRUITING,
CD19,NCT07584889,2024-04-20,RECRUITING,PHASE1
CD19,NCT06180174,2023-12-31,RECRUITING,PHASE1
CD19,NCT07152223,2025-08-07,WITHDRAWN,NA
CD19,NCT06941129,2025-02-11,RECRUITING,PHASE1
CD19,NCT03467256,2018-05-14,UNKNOWN,PHASE1
CD19,NCT05518383,2022-05-25,RECRUITING,PHASE4
CD19,NCT07570862,2026-07-27,RECRUITING,PHASE2
CD19,NCT06649643,2025-01-05,NOT_YET_RECRUITING,
CD19,NCT03605238,2018-08-15,WITHDRAWN,PHASE1
CD19,NCT07539233,2026-04-15,NOT_YET_RECRUITING,EARLY_PHASE1
CD19,NCT01551043,2010-09,TERMINATED,PHASE1
CD19,NCT07441525,2026-02-03,RECRUITING,EARLY_PHASE1
CD19,NCT07617740,2026-05-25,RECRUITING,EARLY_PHASE1
CD19,NCT06469190,2024-06-21,RECRUITING,EARLY_PHASE1
CD19,NCT02186860,2016-07,UNKNOWN,PHASE1
CD19,NCT07288879,2025-12-11,RECRUITING,PHASE2
CD19,NCT07538635,2026-04-20,RECRUITING,PHASE2
CD19,NCT02572518,2014-05,COMPLETED,
CD19,NCT07539610,2026-04,NOT_YET_RECRUITING,PHASE1
CD19,NCT07530380,2026-04,RECRUITING,EARLY_PHASE1
CD19,NCT07544160,2026-04-07,NOT_YET_RECRUITING,PHASE1
CD19,NCT07765914,2026-08-20,NOT_YET_RECRUITING,PHASE3
CD19,NCT07041099,2025-10-01,RECRUITING,PHASE1
CD19,NCT07161193,2025-09-30,NOT_YET_RECRUITING,PHASE1
CD19,NCT02792699,2016-05-17,COMPLETED,PHASE3
ERBB2,NCT05385705,2022-05-11,TERMINATED,PHASE1
ERBB2,NCT03368131,2017-12-01,UNKNOWN,PHASE2
ERBB2,NCT03364348,2017-10-30,COMPLETED,PHASE1
ERBB2,NCT00496808,2005-03,COMPLETED,NA
ERBB2,NCT05218148,2022-04-01,UNKNOWN,PHASE2
ERBB2,NCT00136539,1999-03,COMPLETED,PHASE2
ERBB2,NCT00148681,2001-05,COMPLETED,PHASE2
ERBB2,NCT01662869,2012-11,COMPLETED,PHASE3
ERBB2,NCT06695845,2025-01-14,RECRUITING,PHASE2
ERBB2,NCT04162327,2019-11-26,COMPLETED,PHASE1
ERBB2,NCT01131195,2010-07-19,COMPLETED,PHASE3
ERBB2,NCT05579366,2022-12-07,RECRUITING,PHASE1
ERBB2,NCT06031584,2024-01-19,RECRUITING,PHASE1
ERBB2,NCT02252887,2015-01-12,COMPLETED,PHASE2
ERBB2,NCT06876714,2025-09-17,RECRUITING,PHASE3
ERBB2,NCT06877416,2020-01-01,RECRUITING,
ERBB2,NCT03094052,2018-10-09,COMPLETED,PHASE2
ERBB2,NCT02432963,2016-06-14,ACTIVE_NOT_RECRUITING,PHASE1
ERBB2,NCT03975647,2019-10-02,ACTIVE_NOT_RECRUITING,PHASE3
ERBB2,NCT07386938,2024-08-09,ACTIVE_NOT_RECRUITING,PHASE3
ERBB2,NCT03429101,2018-07-13,TERMINATED,PHASE1
ERBB2,NCT04224272,2020-06-10,COMPLETED,PHASE2
ERBB2,NCT07581795,2026-06,NOT_YET_RECRUITING,PHASE2
ERBB2,NCT05465031,2024-04-17,RECRUITING,PHASE4
ERBB2,NCT03013881,2018-03-05,COMPLETED,PHASE1
ERBB2,NCT02318901,2014-10,TERMINATED,PHASE1
ERBB2,NCT04487236,2020-10-15,COMPLETED,PHASE1
ERBB2,NCT05190445,2021-11-01,ACTIVE_NOT_RECRUITING,PHASE2
ERBB2,NCT06026657,2024-04-02,RECRUITING,PHASE1
ERBB2,NCT00479674,2007-05,COMPLETED,PHASE2
ERBB2,NCT03587740,2018-08-22,ACTIVE_NOT_RECRUITING,PHASE2
ERBB2,NCT00028535,2001-11,COMPLETED,PHASE1
ERBB2,NCT05415215,2022-07-05,COMPLETED,PHASE3
ERBB2,NCT04660929,2021-02-02,UNKNOWN,PHASE1
ERBB2,NCT05760612,2023-03-14,RECRUITING,PHASE3
ERBB2,NCT06827236,2025-04-23,RECRUITING,PHASE1
ERBB2,NCT05205200,2022-06-06,UNKNOWN,PHASE2
ERBB2,NCT05868226,2023-02-15,RECRUITING,PHASE1
ERBB2,NCT00303108,2005-12,COMPLETED,PHASE2
ERBB2,NCT07527806,2026-05-01,NOT_YET_RECRUITING,PHASE2
ERBB2,NCT02658084,2017-04-12,TERMINATED,PHASE1
ERBB2,NCT00911716,2008-10,COMPLETED,NA
ERBB2,NCT02073487,2014-02,COMPLETED,PHASE2
ERBB2,NCT04828616,2021-07,UNKNOWN,PHASE2
ERBB2,NCT05395052,2022-05-31,TERMINATED,PHASE1
ERBB2,NCT06349044,2024-03-20,UNKNOWN,NA
ERBB2,NCT02238509,2014-11,UNKNOWN,PHASE2
ERBB2,NCT02248571,2014-08,COMPLETED,PHASE4
ERBB2,NCT04893109,2021-06-16,RECRUITING,PHASE2
ERBB2,NCT00429299,2006-08,COMPLETED,PHASE2
ERBB2,NCT02791334,2016-06-29,COMPLETED,PHASE1
ERBB2,NCT07788664,2026-10-01,NOT_YET_RECRUITING,PHASE2
ERBB2,NCT04082364,2019-09-30,COMPLETED,PHASE2
ERBB2,NCT01185509,2010-11,TERMINATED,PHASE2
ERBB2,NCT07589699,2026-05-31,NOT_YET_RECRUITING,PHASE4
ERBB2,NCT00331552,2006-02,COMPLETED,PHASE1
ERBB2,NCT00216047,2005-01,TERMINATED,PHASE1
ERBB2,NCT07483684,2026-03,NOT_YET_RECRUITING,PHASE3
ERBB2,NCT01597414,2013-06,COMPLETED,PHASE2
ERBB2,NCT00148876,2003-09,COMPLETED,PHASE3
ERBB2,NCT02494596,2004-01,COMPLETED,PHASE1
ERBB2,NCT07788196,2026-07-01,RECRUITING,PHASE2
ERBB2,NCT00968682,2008-04,COMPLETED,
ERBB2,NCT01959490,2013-09-24,COMPLETED,PHASE2
ERBB2,NCT03197389,2018-01-18,COMPLETED,EARLY_PHASE1
ERBB2,NCT02693535,2016-03-14,RECRUITING,PHASE2
ERBB2,NCT00475670,2005-10,COMPLETED,PHASE2
ERBB2,NCT00754351,2008-09,COMPLETED,PHASE2
ERBB2,NCT03140553,2016-09-01,COMPLETED,PHASE2
ERBB2,NCT01565083,2012-04,COMPLETED,PHASE2
ERBB2,NCT05754502,2021-07-27,UNKNOWN,
ERBB2,NCT05754853,2023-04-06,RECRUITING,PHASE3
ERBB2,NCT06043427,2024-04-16,RECRUITING,PHASE2
ERBB2,NCT02445586,2015-08-17,COMPLETED,PHASE4
ERBB2,NCT00004883,2000-02,COMPLETED,PHASE2
ERBB2,NCT00093145,2004-06-01,COMPLETED,PHASE2
ERBB2,NCT01895491,2011-03,COMPLETED,PHASE1
ERBB2,NCT03586869,2018-07-17,TERMINATED,PHASE1
ERBB2,NCT01276041,2011-01-05,COMPLETED,PHASE2
ERBB2,NCT02744053,2016-11-07,ACTIVE_NOT_RECRUITING,EARLY_PHASE1
ERBB2,NCT02307227,2006-04,COMPLETED,PHASE2
ERBB2,NCT06278870,2023-09-06,RECRUITING,PHASE3
ERBB2,NCT05263869,2022-03-23,UNKNOWN,PHASE2
ERBB2,NCT03765983,2019-02-25,TERMINATED,PHASE2
ERBB2,NCT02666261,2016-03-04,COMPLETED,
ERBB2,NCT06241456,2024-01-05,RECRUITING,PHASE1
ERBB2,NCT03432741,2018-03-27,TERMINATED,PHASE1
ERBB2,NCT06832202,2025-04-16,RECRUITING,PHASE2
ERBB2,NCT02648477,2016-03-28,COMPLETED,PHASE2
ERBB2,NCT05735496,2023-03-09,ACTIVE_NOT_RECRUITING,PHASE1
ERBB2,NCT05194072,2022-01-12,TERMINATED,PHASE1
ERBB2,NCT03929666,2019-08-29,COMPLETED,PHASE2
ERBB2,NCT01384253,2011-07,COMPLETED,PHASE1
ERBB2,NCT00337649,2004-05,COMPLETED,PHASE1
ERBB2,NCT06210490,2024-02-20,RECRUITING,PHASE2
ERBB2,NCT01928290,2013-11-08,COMPLETED,PHASE2
ERBB2,NCT06136897,2017-03-23,ACTIVE_NOT_RECRUITING,PHASE2
ERBB2,NCT01008150,2010-10,COMPLETED,PHASE2
ERBB2,NCT01796197,2013-08,COMPLETED,PHASE2
ERBB2,NCT02175446,2014-09,UNKNOWN,PHASE2
ERBB2,NCT00297596,2006-02,COMPLETED,PHASE2
ERBB2,NCT02123823,2014-05-15,COMPLETED,PHASE1
ERBB2,NCT07406542,2026-04-01,NOT_YET_RECRUITING,PHASE3
ERBB2,NCT00932373,2006-04,COMPLETED,PHASE1
ERBB2,NCT00726180,2008-07,TERMINATED,PHASE1
ERBB2,NCT05770531,2023-10-03,RECRUITING,PHASE2
ERBB2,NCT04681911,2020-09-09,UNKNOWN,PHASE2
ERBB2,NCT01830244,2013-04,UNKNOWN,PHASE2
ERBB2,NCT02771795,2016-04,TERMINATED,
ERBB2,NCT00712881,2008-10-13,COMPLETED,PHASE2
ERBB2,NCT00876395,2009-09-10,COMPLETED,PHASE3
ERBB2,NCT02605915,2015-12-31,COMPLETED,PHASE1
ERBB2,NCT06886659,2024-01-23,COMPLETED,PHASE1
ERBB2,NCT01303679,2010-06,TERMINATED,PHASE3
ERBB2,NCT03964142,2018-08-01,COMPLETED,NA
ERBB2,NCT06021379,2017-02-22,COMPLETED,
ERBB2,NCT01728818,2013-04,UNKNOWN,PHASE2
ERBB2,NCT05867251,2023-08-30,RECRUITING,PHASE1
ERBB2,NCT07693959,2026-07-01,RECRUITING,PHASE3
ERBB2,NCT05583110,2023-03-08,TERMINATED,PHASE2
ERBB2,NCT02056080,2013-01,COMPLETED,
ERBB2,NCT00284180,2006-01,COMPLETED,PHASE2
ERBB2,NCT02613208,2015-12-09,COMPLETED,
ERBB2,NCT07666724,2021-05-18,COMPLETED,
ERBB2,NCT01989676,2014-02-24,COMPLETED,PHASE3
ERBB2,NCT03500380,2018-04-24,UNKNOWN,PHASE2
ERBB2,NCT06314997,2019-01-14,RECRUITING,PHASE2
ERBB2,NCT07187752,2025-09-30,NOT_YET_RECRUITING,NA
ERBB2,NCT01427244,2011-08,WITHDRAWN,PHASE2
ERBB2,NCT05588609,2022-11-17,TERMINATED,PHASE2
ERBB2,NCT06681298,2024-05-01,ACTIVE_NOT_RECRUITING,PHASE2
ERBB2,NCT04464967,2021-03,WITHDRAWN,PHASE1
ERBB2,NCT07129187,2025-10,NOT_YET_RECRUITING,PHASE2
ERBB2,NCT05560308,2022-09-30,UNKNOWN,NA
ERBB2,NCT02339532,2015-01,COMPLETED,PHASE2
ERBB2,NCT05246514,2022-07-13,ACTIVE_NOT_RECRUITING,PHASE2
ERBB2,NCT04511871,2020-07-09,ACTIVE_NOT_RECRUITING,PHASE1
ERBB2,NCT00515411,2006-10-23,COMPLETED,PHASE2
ERBB2,NCT03805399,2018-10-18,UNKNOWN,PHASE1
ERBB2,NCT07474064,2026-03-26,NOT_YET_RECRUITING,PHASE2
ERBB2,NCT06798207,2025-03-13,RECRUITING,PHASE2
ERBB2,NCT01160211,2011-05-05,COMPLETED,PHASE3
ERBB2,NCT06439771,2024-04-23,RECRUITING,PHASE2
ERBB2,NCT06328387,2024-01-29,UNKNOWN,PHASE1
ERBB2,NCT04266249,2020-03-13,ACTIVE_NOT_RECRUITING,PHASE2
ERBB2,NCT03602079,2018-07-16,COMPLETED,PHASE1
ERBB2,NCT01953926,2013-09-30,TERMINATED,PHASE2
ERBB2,NCT05997524,2021-03-01,COMPLETED,PHASE2
ERBB2,NCT01940497,2013-11-15,COMPLETED,PHASE3
ERBB2,NCT07601620,2026-07-03,NOT_YET_RECRUITING,PHASE1
ERBB2,NCT02657343,2016-03-09,COMPLETED,PHASE1
ERBB2,NCT01479179,2012-11,WITHDRAWN,PHASE1
ERBB2,NCT04334330,2020-12-04,UNKNOWN,PHASE2
ERBB2,NCT00387907,2006-10,COMPLETED,PHASE2
ERBB2,NCT06625775,2024-10-29,RECRUITING,PHASE1
ERBB2,NCT00887536,2009-05,COMPLETED,PHASE3
ERBB2,NCT04620187,2020-12-24,RECRUITING,PHASE2
ERBB2,NCT06251544,2026-08-03,RECRUITING,PHASE1
ERBB2,NCT03994107,2019-10-01,UNKNOWN,PHASE1
ERBB2,NCT01109095,2010-10,COMPLETED,PHASE1
ERBB2,NCT06433609,2024-08-05,RECRUITING,PHASE2
ERBB2,NCT03983395,2020-04-08,TERMINATED,PHASE1
ERBB2,NCT06773312,2025-02-28,RECRUITING,PHASE1
ERBB2,NCT07401537,2025-12-31,RECRUITING,PHASE2
ERBB2,NCT00019812,1999-08,COMPLETED,PHASE2
ERBB2,NCT06265428,2024-01-29,ACTIVE_NOT_RECRUITING,PHASE3
ERBB2,NCT06239467,2024-02-26,ACTIVE_NOT_RECRUITING,PHASE1
ERBB2,NCT04610528,2020-12-22,UNKNOWN,EARLY_PHASE1
ERBB2,NCT02144012,2014-06,TERMINATED,PHASE3
ERBB2,NCT04120246,2020-04-08,SUSPENDED,PHASE1
ERBB2,NCT06649331,2024-10-21,RECRUITING,PHASE2
ERBB2,NCT04296942,2021-05-04,TERMINATED,PHASE1
ERBB2,NCT05845450,2023-05-11,RECRUITING,PHASE2
ERBB2,NCT07489703,2026-04-30,NOT_YET_RECRUITING,PHASE2
ERBB2,NCT05931042,2023-06-01,COMPLETED,
ERBB2,NCT00217672,2005-05,COMPLETED,PHASE2
ERBB2,NCT07102381,2025-09-24,RECRUITING,PHASE2
ERBB2,NCT02789657,2016-11-21,COMPLETED,PHASE2
ERBB2,NCT00532857,2007-03,COMPLETED,PHASE2
ERBB2,NCT03705429,2019-05-01,COMPLETED,PHASE3
ERBB2,NCT02015676,2001-07,COMPLETED,PHASE1
ERBB2,NCT00785291,2008-10-13,COMPLETED,PHASE3
ERBB2,NCT05672524,2022-12-30,RECRUITING,PHASE2
ERBB2,NCT07151586,2026-09,NOT_YET_RECRUITING,PHASE2
ERBB2,NCT01503983,2011-08,COMPLETED,PHASE2
ERBB2,NCT06992024,2025-04-01,ACTIVE_NOT_RECRUITING,PHASE2
ERBB2,NCT06176261,2024-01-08,RECRUITING,PHASE2
ERBB2,NCT01816035,2014-06,COMPLETED,PHASE1
ERBB2,NCT04398914,2020-05-30,ACTIVE_NOT_RECRUITING,PHASE2
ERBB2,NCT04733118,2021-08-05,ACTIVE_NOT_RECRUITING,PHASE2
ERBB2,NCT02149524,2014-04,COMPLETED,PHASE3
ERBB2,NCT07245797,2025-12-15,NOT_YET_RECRUITING,PHASE2
ERBB2,NCT03206203,2017-08-29,COMPLETED,PHASE2
ERBB2,NCT05494918,2022-09-02,COMPLETED,PHASE1
ERBB2,NCT05063786,2021-09-14,ACTIVE_NOT_RECRUITING,PHASE3
ERBB2,NCT03647969,2018-11-07,COMPLETED,PHASE2
ERBB2,NCT05398861,2022-08-19,RECRUITING,PHASE2
ERBB2,NCT07299825,2024-09-20,RECRUITING,PHASE2
ERBB2,NCT05113459,2021-12-18,UNKNOWN,PHASE2
ERBB2,NCT04360941,2020-08-11,ACTIVE_NOT_RECRUITING,PHASE1
ERBB2,NCT00133796,2001-10,TERMINATED,PHASE2
ERBB2,NCT03267173,2017-06-15,UNKNOWN,EARLY_PHASE1
ERBB2,NCT04579380,2021-01-11,ACTIVE_NOT_RECRUITING,PHASE2
ERBB2,NCT01420146,2011-08,COMPLETED,PHASE1
ERBB2,NCT02536794,2016-01-14,COMPLETED,PHASE2
ERBB2,NCT05356741,2022-04-13,RECRUITING,PHASE1
ERBB2,NCT00545688,2006-06-26,COMPLETED,PHASE2
ERBB2,NCT01937117,2014-01-30,ACTIVE_NOT_RECRUITING,PHASE2
ERBB2,NCT04616560,2021-03-08,RECRUITING,PHASE2
ERBB2,NCT05145179,2021-12-01,UNKNOWN,PHASE1
ERBB2,NCT00003797,1999-03,UNKNOWN,PHASE2
ERBB2,NCT06431490,2024-07-22,RECRUITING,PHASE1
ERBB2,NCT07197697,2025-10-10,NOT_YET_RECRUITING,PHASE2
ERBB2,NCT02792114,2016-06,ACTIVE_NOT_RECRUITING,PHASE1
ERBB2,NCT02132949,2014-07-14,COMPLETED,PHASE2
ERBB2,NCT01480583,2011-10,COMPLETED,PHASE2
ERBB2,NCT01077648,2010-02,COMPLETED,
ERBB2,NCT01690325,2012-09,TERMINATED,PHASE2
ERBB2,NCT05320874,2022-04,NOT_YET_RECRUITING,PHASE1
ERBB2,NCT01106898,2010-03-24,COMPLETED,PHASE2
ERBB2,NCT05076591,2022-06-20,SUSPENDED,PHASE1
ERBB2,NCT06992882,2025-07-08,RECRUITING,PHASE3
ERBB2,NCT00377780,2006-08,TERMINATED,PHASE2
ERBB2,NCT01969643,2013-10-22,COMPLETED,PHASE1
ERBB2,NCT01419197,2011-09,COMPLETED,PHASE3
ERBB2,NCT07756008,2026-08-01,NOT_YET_RECRUITING,PHASE2
ERBB2,NCT04439110,2015-08-12,ACTIVE_NOT_RECRUITING,PHASE2
ERBB2,NCT06238843,2024-06-30,ACTIVE_NOT_RECRUITING,PHASE3
ERBB2,NCT02829008,2016-04,UNKNOWN,PHASE2
ERBB2,NCT02102438,2014-04,WITHDRAWN,NA
ERBB2,NCT06516926,2024-08-08,TERMINATED,PHASE2
ERBB2,NCT03203616,2018-02-23,WITHDRAWN,PHASE2
ERBB2,NCT00810017,2009-02,TERMINATED,PHASE2
ERBB2,NCT02580799,2014-02,COMPLETED,
ERBB2,NCT04290793,2020-03-01,ACTIVE_NOT_RECRUITING,PHASE2
ERBB2,NCT00258349,2006-08,COMPLETED,PHASE1
ERBB2,NCT02124148,2014-06-18,COMPLETED,PHASE1
ERBB2,NCT02530489,2016-02-04,COMPLETED,PHASE2
ERBB2,NCT06217185,2024-01-02,RECRUITING,PHASE4
ERBB2,NCT07264816,2026-02-03,RECRUITING,PHASE2
ERBB2,NCT02291289,2015-04-17,COMPLETED,PHASE2
ERBB2,NCT07619521,2027-06-01,RECRUITING,PHASE1
ERBB2,NCT03879577,2019-11-25,ACTIVE_NOT_RECRUITING,PHASE2
ERBB2,NCT00042809,2002-05,COMPLETED,PHASE1
ERBB2,NCT00811135,2008-12,COMPLETED,PHASE2
ERBB2,NCT01658033,2012-05,COMPLETED,PHASE2
ERBB2,NCT01935492,2010-11,COMPLETED,PHASE3
ERBB2,NCT01132664,2010-05,TERMINATED,PHASE1
ERBB2,NCT05985187,2020-10-20,UNKNOWN,PHASE3
ERBB2,NCT01428414,2011-08,UNKNOWN,PHASE2
ERBB2,NCT03297606,2018-03-23,RECRUITING,PHASE2
ERBB2,NCT01649271,2012-07-23,COMPLETED,PHASE1
ERBB2,NCT00758134,2008-07,TERMINATED,PHASE2
ERBB2,NCT00770809,2009-02-24,COMPLETED,PHASE3
ERBB2,NCT01364493,2011-05,COMPLETED,PHASE2
ERBB2,NCT04759248,2021-03-15,ACTIVE_NOT_RECRUITING,PHASE2
ERBB2,NCT01340430,2011-03,COMPLETED,PHASE2
ERBB2,NCT06376136,2024-05-08,RECRUITING,PHASE1
ERBB2,NCT01702571,2012-11-27,COMPLETED,PHASE3
ERBB2,NCT00924287,2008-11,TERMINATED,PHASE1
ERBB2,NCT06999187,2025-06-03,RECRUITING,PHASE1
ERBB2,NCT01631552,2012-12-17,COMPLETED,PHASE1
ERBB2,NCT04262804,2020-01-13,UNKNOWN,PHASE2
ERBB2,NCT00433407,2005-08,COMPLETED,NA
ERBB2,NCT05804864,2023-04,NOT_YET_RECRUITING,PHASE1
ERBB2,NCT05131893,2022-03,NOT_YET_RECRUITING,
ERBB2,NCT00856492,2010-04,COMPLETED,PHASE2
ERBB2,NCT01827163,2013-04,COMPLETED,PHASE2
ERBB2,NCT02907021,2016-11-01,COMPLETED,PHASE1
ERBB2,NCT02892734,2017-09-18,TERMINATED,PHASE2
ERBB2,NCT06730373,2024-10-17,RECRUITING,PHASE2
ERBB2,NCT07683754,2026-09-04,NOT_YET_RECRUITING,PHASE3
ERBB2,NCT04928261,2021-12-13,ACTIVE_NOT_RECRUITING,PHASE4
ERBB2,NCT07492628,2026-03-02,RECRUITING,PHASE1
ERBB2,NCT05918328,2023-05-03,RECRUITING,PHASE2
ERBB2,NCT00412412,2007-12,COMPLETED,PHASE1
ERBB2,NCT05980481,2023-08-04,ACTIVE_NOT_RECRUITING,PHASE2
ERBB2,NCT04595565,2020-10-28,ACTIVE_NOT_RECRUITING,PHASE3
ERBB2,NCT06157892,2024-05-20,ACTIVE_NOT_RECRUITING,PHASE2
ERBB2,NCT00864175,2007-07,TERMINATED,PHASE1
ERBB2,NCT06586294,2024-09-10,NOT_YET_RECRUITING,PHASE1
ERBB2,NCT00006228,2000-07,COMPLETED,PHASE2
ERBB2,NCT06190600,2018-10-11,ACTIVE_NOT_RECRUITING,NA
ERBB2,NCT07836257,2026-10-10,NOT_YET_RECRUITING,PHASE2
ERBB2,NCT06109467,2024-01-12,ACTIVE_NOT_RECRUITING,PHASE2
ERBB2,NCT05388500,2022-12-15,NOT_YET_RECRUITING,PHASE3
ERBB2,NCT06348134,2025-03-18,RECRUITING,PHASE2
ERBB2,NCT04965519,2021-12-21,UNKNOWN,PHASE2
ERBB2,NCT04917900,2020-12-01,UNKNOWN,PHASE2
ERBB2,NCT03169777,2018-08,WITHDRAWN,PHASE1
ERBB2,NCT04246502,2020-01,UNKNOWN,PHASE2
ERBB2,NCT02438722,2015-05-07,COMPLETED,PHASE2
ERBB2,NCT05036005,2021-07-11,UNKNOWN,PHASE4
ERBB2,NCT02194166,2014-07-18,COMPLETED,PHASE3
ERBB2,NCT02805829,2017-01,UNKNOWN,PHASE1
ERBB2,NCT03931551,2019-04-30,TERMINATED,PHASE2
ERBB2,NCT05170256,2022-02-04,UNKNOWN,PHASE2
ERBB2,NCT04029922,2019-11-12,TERMINATED,PHASE1
ERBB2,NCT03992456,2020-04-24,UNKNOWN,PHASE2
ERBB2,NCT01125566,2010-06-22,COMPLETED,PHASE3
ERBB2,NCT00788931,2008-12,COMPLETED,PHASE1
ERBB2,NCT04717531,2021-06-03,UNKNOWN,PHASE2
ERBB2,NCT04430595,2027-06-01,NOT_YET_RECRUITING,PHASE1
ERBB2,NCT01423695,2001-02,COMPLETED,PHASE2
ERBB2,NCT04721977,2021-04-08,ACTIVE_NOT_RECRUITING,PHASE2
ERBB2,NCT07589517,2026-02-02,RECRUITING,PHASE1
ERBB2,NCT00191373,2002-03,COMPLETED,PHASE2
ERBB2,NCT04686305,2021-03-09,RECRUITING,PHASE1
ERBB2,NCT06926868,2025-09-11,RECRUITING,PHASE2
ERBB2,NCT07797218,2026-07-01,RECRUITING,PHASE3
ERBB2,NCT04931342,2021-10-07,ACTIVE_NOT_RECRUITING,PHASE2
ERBB2,NCT07635342,2024-04-30,RECRUITING,PHASE2
ERBB2,NCT00736970,2008-07,COMPLETED,PHASE2
ERBB2,NCT03412643,2018-05-14,UNKNOWN,PHASE2
ERBB2,NCT05322720,2022-04,UNKNOWN,PHASE2
ERBB2,NCT07446452,2024-01-01,RECRUITING,PHASE2
ERBB2,NCT07315035,2026-01-01,NOT_YET_RECRUITING,PHASE2
ERBB2,NCT02379585,2013-01,TERMINATED,PHASE1
ERBB2,NCT03329690,2017-11-02,COMPLETED,PHASE2
ERBB2,NCT01307891,2011-03,COMPLETED,PHASE2
ERBB2,NCT00733408,2008-04-23,COMPLETED,PHASE2
ERBB2,NCT03613168,2019-06-01,COMPLETED,PHASE2
ERBB2,NCT04858516,2021-04-30,UNKNOWN,PHASE2
ERBB2,NCT04962425,2021-01-08,UNKNOWN,
ERBB2,NCT00915018,2009-08-21,COMPLETED,PHASE2
ERBB2,NCT07366840,2026-01-16,NOT_YET_RECRUITING,PHASE2
ERBB2,NCT05333809,2022-07-01,UNKNOWN,PHASE2
ERBB2,NCT04941339,2018-11-21,UNKNOWN,PHASE1
ERBB2,NCT06561607,2024-10-11,ACTIVE_NOT_RECRUITING,PHASE3
ERBB2,NCT04235101,2020-06-22,COMPLETED,PHASE1
ERBB2,NCT04639219,2020-12-30,ACTIVE_NOT_RECRUITING,PHASE2
ERBB2,NCT00841828,2009-02,COMPLETED,PHASE2
ERBB2,NCT05482893,2023-03-15,RECRUITING,PHASE1
ERBB2,NCT00633464,2008-06,COMPLETED,PHASE2
ERBB2,NCT04025216,2019-10-10,TERMINATED,PHASE1
ERBB2,NCT06340516,2024-03-14,RECRUITING,NA
ERBB2,NCT07062263,2023-07-21,RECRUITING,PHASE3
ERBB2,NCT06769425,2025-05-07,RECRUITING,PHASE1
ERBB2,NCT07246317,2025-12-15,NOT_YET_RECRUITING,PHASE2
ERBB2,NCT00478140,2007-05,TERMINATED,PHASE2
ERBB2,NCT07043725,2025-09-15,RECRUITING,PHASE3
ERBB2,NCT03147287,2017-09-05,ACTIVE_NOT_RECRUITING,PHASE2
ERBB2,NCT00949247,2009-12,COMPLETED,EARLY_PHASE1
ERBB2,NCT04482309,2020-08-18,ACTIVE_NOT_RECRUITING,PHASE2
ERBB2,NCT06195709,2024-05-27,RECRUITING,PHASE3
ERBB2,NCT06492447,2024-07-04,UNKNOWN,
ERBB2,NCT01367028,2011-06,COMPLETED,PHASE2
ERBB2,NCT03280563,2017-12-22,COMPLETED,PHASE1
ERBB2,NCT07698587,2026-07,NOT_YET_RECRUITING,PHASE1
ERBB2,NCT00950300,2009-10-16,COMPLETED,PHASE3
ERBB2,NCT02117167,2014-04-23,COMPLETED,PHASE2
ERBB2,NCT01120184,2010-07-31,COMPLETED,PHASE3
ERBB2,NCT04680442,2021-07-01,RECRUITING,PHASE2
ERBB2,NCT05029999,2022-04-20,RECRUITING,PHASE1
ERBB2,NCT01996267,2013-12,ACTIVE_NOT_RECRUITING,PHASE3
ERBB2,NCT04829604,2021-10-26,ACTIVE_NOT_RECRUITING,PHASE2
ERBB2,NCT02682693,2017-02-13,COMPLETED,PHASE2
ERBB2,NCT05228951,2022-02-10,RECRUITING,PHASE2
ERBB2,NCT00971737,2009-07,COMPLETED,PHASE2
ERBB2,NCT05933265,2023-06-09,ACTIVE_NOT_RECRUITING,PHASE1
ERBB2,NCT03032107,2017-02-17,COMPLETED,PHASE1
ERBB2,NCT00842998,2009-02,UNKNOWN,PHASE2
ERBB2,NCT01472146,2011-10,COMPLETED,PHASE2
ERBB2,NCT05101096,2021-10-20,ACTIVE_NOT_RECRUITING,PHASE1
ERBB2,NCT04280341,2020-06-03,UNKNOWN,PHASE1
ERBB2,NCT04307329,2021-03-23,COMPLETED,PHASE2
ERBB2,NCT02260531,2014-11,COMPLETED,PHASE2
ERBB2,NCT00270894,2005-11,COMPLETED,PHASE2
ERBB2,NCT06719362,2025-06-17,RECRUITING,PHASE1
ERBB2,NCT01125046,2010-06-17,COMPLETED,PHASE2
ERBB2,NCT01250379,2011-02,COMPLETED,PHASE3
ERBB2,NCT00407888,2006-05,COMPLETED,PHASE2
ERBB2,NCT00002994,1997-07,COMPLETED,PHASE1
ERBB2,NCT07318805,2025-12-23,RECRUITING,PHASE1
ERBB2,NCT00288002,2005-01,COMPLETED,PHASE3
ERBB2,NCT07701941,2026-08-03,NOT_YET_RECRUITING,PHASE1
ERBB2,NCT00511459,2007-07,COMPLETED,PHASE2
ERBB2,NCT01674062,2006-05,COMPLETED,PHASE2
ERBB2,NCT04588545,2020-12-10,ACTIVE_NOT_RECRUITING,PHASE1
ERBB2,NCT05959356,2023-11-09,RECRUITING,PHASE2
ERBB2,NCT01975142,2013-11-07,COMPLETED,PHASE2
ERBB2,NCT01401166,2011-10,COMPLETED,PHASE2
ERBB2,NCT03803553,2020-04-16,ACTIVE_NOT_RECRUITING,PHASE3
ERBB2,NCT01363986,2011-09,TERMINATED,PHASE2
ERBB2,NCT00777673,2008-10,UNKNOWN,PHASE2
ERBB2,NCT03556345,2018-07-10,COMPLETED,PHASE2
ERBB2,NCT06245356,2025-03-21,RECRUITING,PHASE2
ERBB2,NCT02938442,2019-01-25,COMPLETED,PHASE1
ERBB2,NCT02411656,2015-06-11,ACTIVE_NOT_RECRUITING,PHASE2
ERBB2,NCT03329378,2019-01-24,TERMINATED,PHASE2
ERBB2,NCT04281576,2019-12-19,COMPLETED,NA
ERBB2,NCT01142778,2010-05-19,COMPLETED,PHASE2
ERBB2,NCT07116824,2025-09-15,NOT_YET_RECRUITING,PHASE2
ERBB2,NCT01964391,2014-02-21,COMPLETED,PHASE3
ERBB2,NCT02843412,2016-08,UNKNOWN,
ERBB2,NCT07021911,2023-05-17,RECRUITING,
ERBB2,NCT06967987,2026-01-01,WITHDRAWN,PHASE2
ERBB2,NCT07581574,2026-05-01,NOT_YET_RECRUITING,PHASE1
ERBB2,NCT03043313,2017-06-23,COMPLETED,PHASE2
ERBB2,NCT06839560,2025-03-01,RECRUITING,PHASE2
ERBB2,NCT00085020,2004-03,COMPLETED,PHASE1
ERBB2,NCT00829166,2009-02,COMPLETED,PHASE3
ERBB2,NCT02675829,2016-02-16,COMPLETED,PHASE2
ERBB2,NCT00303992,2004-05,COMPLETED,PHASE2
ERBB2,NCT01048099,2011-01,COMPLETED,NA
ERBB2,NCT05296798,2022-07-18,ACTIVE_NOT_RECRUITING,PHASE3
ERBB2,NCT04264936,2020-02-15,UNKNOWN,PHASE1
ERBB2,NCT02003209,2014-02-18,COMPLETED,PHASE3
ERBB2,NCT02125344,2014-12,COMPLETED,PHASE3
ERBB2,NCT02694809,2017-01,COMPLETED,PHASE2
ERBB2,NCT01875666,2013-08-05,COMPLETED,EARLY_PHASE1
ERBB2,NCT04790695,2021-03-29,COMPLETED,PHASE2
ERBB2,NCT01402401,2011-11,TERMINATED,PHASE2
ERBB2,NCT04508686,2020-08-01,UNKNOWN,PHASE1
ERBB2,NCT04704661,2021-08-09,ACTIVE_NOT_RECRUITING,PHASE1
ERBB2,NCT03820141,2020-06-30,ACTIVE_NOT_RECRUITING,PHASE2
ERBB2,NCT03789110,2019-03-08,ACTIVE_NOT_RECRUITING,PHASE2
ERBB2,NCT06558682,2024-10-20,RECRUITING,NA
ERBB2,NCT00600340,2008-04,COMPLETED,PHASE3
ERBB2,NCT04257110,2020-07-28,COMPLETED,PHASE1
ERBB2,NCT01184482,2010-06,COMPLETED,PHASE1
ERBB2,NCT07700979,2026-08-20,NOT_YET_RECRUITING,PHASE3
ERBB2,NCT04298918,2020-09-23,TERMINATED,PHASE1
ERBB2,NCT04485013,2020-07-14,ACTIVE_NOT_RECRUITING,PHASE1
ERBB2,NCT00405938,2006-11,COMPLETED,PHASE2
ERBB2,NCT06731478,2025-02-27,RECRUITING,PHASE3
ERBB2,NCT06560138,2025-03-01,WITHDRAWN,PHASE1
ERBB2,NCT03566485,2018-07-10,TERMINATED,PHASE1
ERBB2,NCT00103233,2004-12,COMPLETED,PHASE3
ERBB2,NCT07332533,2025-12-30,NOT_YET_RECRUITING,PHASE2
ERBB2,NCT00386685,2006-07,COMPLETED,PHASE2
ERBB2,NCT04553770,2020-10-09,RECRUITING,PHASE2
ERBB2,NCT05805956,2022-02-15,UNKNOWN,PHASE1
ERBB2,NCT04591431,2020-10-07,UNKNOWN,PHASE2
ERBB2,NCT06038539,2025-01-06,TERMINATED,PHASE3
ERBB2,NCT02675231,2016-05-23,COMPLETED,PHASE2
ERBB2,NCT00003612,1999-04,COMPLETED,PHASE2
ERBB2,NCT06441890,2024-12-05,RECRUITING,PHASE2
ERBB2,NCT05076682,2022-06-30,RECRUITING,PHASE2
ERBB2,NCT02465060,2015-08-17,ACTIVE_NOT_RECRUITING,PHASE2
ERBB2,NCT02000596,2014-01,TERMINATED,PHASE2
ERBB2,NCT02581462,2016-06,COMPLETED,PHASE2
ERBB2,NCT03501979,2019-02-20,TERMINATED,PHASE2
ERBB2,NCT05311397,2018-08-09,ACTIVE_NOT_RECRUITING,PHASE1
ERBB2,NCT04632992,2021-01-13,COMPLETED,PHASE2
ERBB2,NCT00800436,2008-11,COMPLETED,PHASE1
ERBB2,NCT07647263,2026-03-24,RECRUITING,PHASE2
ERBB2,NCT03563144,2018-08,WITHDRAWN,PHASE2
ERBB2,NCT05420467,2022-07-10,RECRUITING,PHASE4
ERBB2,NCT01835236,2013-03-03,COMPLETED,PHASE2
ERBB2,NCT02060253,2014-04,COMPLETED,PHASE1
ERBB2,NCT05203601,2020-11-26,COMPLETED,PHASE1
ERBB2,NCT07692334,2026-07-20,NOT_YET_RECRUITING,PHASE2
ERBB2,NCT06351332,2024-05-01,TERMINATED,PHASE1
ERBB2,NCT00023998,2001-07,COMPLETED,PHASE2
ERBB2,NCT05020964,2021-08-20,UNKNOWN,PHASE2
ERBB2,NCT00846027,2009-01,COMPLETED,PHASE2
ERBB2,NCT00041470,2001-03,TERMINATED,PHASE1
ERBB2,NCT03546686,2019-11-12,ACTIVE_NOT_RECRUITING,PHASE2
ERBB2,NCT00399529,2006-09,COMPLETED,PHASE2
ERBB2,NCT06161922,2023-11-07,COMPLETED,
ERBB2,NCT01434303,2012-01-10,COMPLETED,PHASE1
ERBB2,NCT05727410,2022-11-15,UNKNOWN,PHASE2
ERBB2,NCT03811418,2019-01,WITHDRAWN,PHASE3
ERBB2,NCT00896376,2005-12,COMPLETED,NA
ERBB2,NCT01196390,2011-02-14,COMPLETED,PHASE3
ERBB2,NCT03085368,2017-03-01,UNKNOWN,PHASE2
ERBB2,NCT00009997,1999-03,COMPLETED,PHASE1
ERBB2,NCT01663727,2012-08-27,COMPLETED,PHASE3
ERBB2,NCT00943670,2009-07,COMPLETED,PHASE2
ERBB2,NCT01774851,2013-01,TERMINATED,PHASE2
ERBB2,NCT04158856,2020-06-01,NOT_YET_RECRUITING,PHASE2
ERBB2,NCT07070466,2025-10-10,RECRUITING,PHASE2
ERBB2,NCT00393783,2006-05,ACTIVE_NOT_RECRUITING,PHASE1
ERBB2,NCT02614794,2016-01-28,COMPLETED,PHASE2
ERBB2,NCT00522457,2008-01,TERMINATED,PHASE2
ERBB2,NCT04020575,2020-01-15,RECRUITING,PHASE1
ERBB2,NCT00333775,2006-03,COMPLETED,PHASE3
ERBB2,NCT06222957,2024-11-14,RECRUITING,
ERBB2,NCT00430001,2005-05,UNKNOWN,PHASE3
ERBB2,NCT02530424,2015-05,COMPLETED,PHASE2
ERBB2,NCT07040059,2025-03-22,TERMINATED,PHASE1
ERBB2,NCT07152782,2025-09-24,RECRUITING,PHASE2
ERBB2,NCT07551362,2026-03-02,RECRUITING,PHASE1
ERBB2,NCT07818070,2027-02,NOT_YET_RECRUITING,PHASE3
ERBB2,NCT04170595,2014-03-28,UNKNOWN,PHASE1
ERBB2,NCT00006381,2000-06,COMPLETED,PHASE2
ERBB2,NCT07504445,2026-06-10,NOT_YET_RECRUITING,EARLY_PHASE1
ERBB2,NCT04819971,2021-12-01,UNKNOWN,PHASE2
ERBB2,NCT00053339,,WITHDRAWN,PHASE3
ERBB2,NCT06644300,2024-12-16,RECRUITING,PHASE1
ERBB2,NCT01325207,2011-08-01,COMPLETED,PHASE1
ERBB2,NCT06891833,2025-06-05,RECRUITING,PHASE2
ERBB2,NCT06244485,2024-02-22,ACTIVE_NOT_RECRUITING,PHASE1
ERBB2,NCT07507526,2026-04,NOT_YET_RECRUITING,PHASE2
ERBB2,NCT01084876,2010-06,COMPLETED,PHASE3
ERBB2,NCT04596150,2020-12-29,COMPLETED,PHASE2
ERBB2,NCT01973660,2013-10,COMPLETED,PHASE2
ERBB2,NCT05181462,2022-01-11,COMPLETED,PHASE1
ERBB2,NCT05493683,2022-08-01,UNKNOWN,PHASE2
ERBB2,NCT05018702,2021-07-14,UNKNOWN,PHASE2
ERBB2,NCT02512237,2016-03,TERMINATED,PHASE1
ERBB2,NCT04589845,2021-01-18,ACTIVE_NOT_RECRUITING,PHASE2
ERBB2,NCT02715531,2016-04-06,COMPLETED,PHASE1
ERBB2,NCT00618657,2008-02,COMPLETED,PHASE2
ERBB2,NCT04168931,2020-01-01,TERMINATED,PHASE2
ERBB2,NCT07833657,2026-09,NOT_YET_RECRUITING,PHASE2
ERBB2,NCT04363801,2020-07-29,TERMINATED,PHASE2
ERBB2,NCT01358877,2011-11-08,COMPLETED,PHASE3
ERBB2,NCT05189067,2022-01-31,UNKNOWN,PHASE2
ERBB2,NCT01491737,2012-02-17,COMPLETED,PHASE2
ERBB2,NCT04152057,2019-11,UNKNOWN,PHASE1
ERBB2,NCT01730612,2012-12,COMPLETED,PHASE1
ERBB2,NCT00520975,2007-11,TERMINATED,PHASE3
ERBB2,NCT03696030,2018-11-27,ACTIVE_NOT_RECRUITING,PHASE1
ERBB2,NCT00254592,2005-10,COMPLETED,PHASE2
ERBB2,NCT06824155,2025-02-12,RECRUITING,EARLY_PHASE1
ERBB2,NCT00079326,2004-01,TERMINATED,PHASE2
ERBB2,NCT00824733,2009-02,TERMINATED,PHASE2
ERBB2,NCT00005926,2000-06,COMPLETED,PHASE2
ERBB2,NCT07355764,2025-12-30,NOT_YET_RECRUITING,PHASE2
ERBB2,NCT01557764,2012-09,WITHDRAWN,PHASE2
ERBB2,NCT03273595,2016-07,UNKNOWN,PHASE2
ERBB2,NCT06125834,2023-06-01,UNKNOWN,PHASE2
ERBB2,NCT03153163,2017-06-20,COMPLETED,PHASE1
ERBB2,NCT04533321,2020-09,UNKNOWN,PHASE2
ERBB2,NCT07528898,2026-05,NOT_YET_RECRUITING,PHASE2
ERBB2,NCT07228247,2025-12-16,RECRUITING,PHASE1
ERBB2,NCT07606599,2026-07-07,RECRUITING,PHASE3
ERBB2,NCT00911898,2009-06,COMPLETED,PHASE1
ERBB2,NCT06747338,2024-12-16,ACTIVE_NOT_RECRUITING,PHASE3
ERBB2,NCT06343948,2024-04-24,ACTIVE_NOT_RECRUITING,PHASE3
ERBB2,NCT03843749,2019-07-01,UNKNOWN,NA
ERBB2,NCT04757363,2021-02-11,ACTIVE_NOT_RECRUITING,PHASE2
ERBB2,NCT04510285,2020-08-10,TERMINATED,PHASE2
ERBB2,NCT07842055,1996-12-10,COMPLETED,
ERBB2,NCT03615326,2018-10-05,COMPLETED,PHASE3
ERBB2,NCT00054132,2002-12,COMPLETED,PHASE2
ERBB2,NCT06282575,2024-07-19,RECRUITING,PHASE3
ERBB2,NCT04750122,2021-03-28,RECRUITING,PHASE1
ERBB2,NCT04249739,2020-09-29,UNKNOWN,PHASE2
ERBB2,NCT02019277,2013-12-05,COMPLETED,PHASE3
ERBB2,NCT01875367,2013-09-18,COMPLETED,PHASE3
ERBB2,NCT05621434,2022-12-10,UNKNOWN,PHASE2
ERBB2,NCT06361979,2024-05,UNKNOWN,PHASE2
ERBB2,NCT01748773,2013-01-29,COMPLETED,PHASE2
ERBB2,NCT01750073,2012-12-07,COMPLETED,PHASE2
ERBB2,NCT04561362,2020-07-17,ACTIVE_NOT_RECRUITING,PHASE1
ERBB2,NCT01989780,2014-01,COMPLETED,PHASE2
ERBB2,NCT07462650,2026-02-01,RECRUITING,PHASE1
ERBB2,NCT07612215,2026-05-13,RECRUITING,PHASE1
ERBB2,NCT07059338,2025-07-11,NOT_YET_RECRUITING,PHASE2
ERBB2,NCT00250874,2003-12,UNKNOWN,PHASE2
ERBB2,NCT06496490,2024-08-06,RECRUITING,PHASE2
ERBB2,NCT04088110,2019-11,UNKNOWN,PHASE2
ERBB2,NCT03504397,2018-06-21,ACTIVE_NOT_RECRUITING,PHASE3
ERBB2,NCT04616248,2023-01-09,ACTIVE_NOT_RECRUITING,PHASE1
ERBB2,NCT07407920,2025-10-09,RECRUITING,PHASE2
ERBB2,NCT05785325,2023-08-20,UNKNOWN,PHASE2
ERBB2,NCT05318339,2022-03-10,UNKNOWN,PHASE2
ERBB2,NCT07504939,2026-04-01,NOT_YET_RECRUITING,
ERBB2,NCT05221775,2021-11-01,UNKNOWN,PHASE1
ERBB2,NCT06732336,2024-12-01,RECRUITING,PHASE1
ERBB2,NCT05824975,2023-05-30,RECRUITING,PHASE1
ERBB2,NCT04514419,2020-06-28,ACTIVE_NOT_RECRUITING,PHASE3
ERBB2,NCT07393555,2026-08-07,NOT_YET_RECRUITING,PHASE2
ERBB2,NCT01572038,2012-06-01,COMPLETED,PHASE3
ERBB2,NCT01702558,2012-12-03,TERMINATED,PHASE2
ERBB2,NCT07023848,2025-07-01,ENROLLING_BY_INVITATION,EARLY_PHASE1
ERBB2,NCT03262935,2017-12-15,COMPLETED,PHASE3
ERBB2,NCT00006825,2000-07,COMPLETED,PHASE1
ERBB2,NCT04185649,2018-07-01,UNKNOWN,PHASE3
ERBB2,NCT07424547,2026-03-03,RECRUITING,PHASE1
ERBB2,NCT06533826,2024-10-29,RECRUITING,PHASE2
ERBB2,NCT01498458,2010-10,COMPLETED,PHASE1
ERBB2,NCT05376878,2022-12-21,RECRUITING,PHASE4
ERBB2,NCT04769050,2021-02-18,UNKNOWN,
ERBB2,NCT03101748,2018-02-19,TERMINATED,PHASE1
ERBB2,NCT06748508,2024-12-25,NOT_YET_RECRUITING,PHASE2
ERBB2,NCT04395989,2020-07-28,UNKNOWN,PHASE2
ERBB2,NCT06718933,2025-01-08,RECRUITING,PHASE1
ERBB2,NCT05150691,2022-01-31,RECRUITING,PHASE1
ERBB2,NCT03024450,2012-01,COMPLETED,
ERBB2,NCT06731140,2025-02-12,RECRUITING,PHASE2
ERBB2,NCT00003440,1998-07,COMPLETED,PHASE3
ERBB2,NCT01454804,2011-10,COMPLETED,PHASE1
ERBB2,NCT00927589,2009-07,COMPLETED,PHASE1
ERBB2,NCT01485926,2010-10,COMPLETED,PHASE2
ERBB2,NCT06500052,2024-07-24,RECRUITING,PHASE1
ERBB2,NCT06222489,2025-03-03,RECRUITING,PHASE2
ERBB2,NCT03529110,2018-08-09,ACTIVE_NOT_RECRUITING,PHASE3
ERBB2,NCT07152405,2025-09-24,RECRUITING,PHASE3
ERBB2,NCT06504732,2024-08-15,RECRUITING,PHASE2
ERBB2,NCT02571530,2015-08,TERMINATED,PHASE1
ERBB2,NCT00681993,2008-04,COMPLETED,NA
ERBB2,NCT03197584,2017-12,WITHDRAWN,PHASE1
ERBB2,NCT02491892,2003-02,COMPLETED,PHASE2
ERBB2,NCT01810393,2013-06-11,COMPLETED,PHASE3
ERBB2,NCT03865511,2019-04-09,UNKNOWN,PHASE2
ERBB2,NCT06187506,2023-12-18,ACTIVE_NOT_RECRUITING,PHASE2
ERBB2,NCT00047255,2002-05,COMPLETED,PHASE3
ERBB2,NCT00016276,2001-05,TERMINATED,PHASE3
ERBB2,NCT00453635,2003-12,TERMINATED,PHASE2
ERBB2,NCT05471648,2022-05-16,COMPLETED,PHASE1
ERBB2,NCT07646626,2026-07-17,RECRUITING,PHASE2
ERBB2,NCT00004935,1999-08-30,TERMINATED,PHASE3
ERBB2,NCT03395899,2017-12-21,COMPLETED,PHASE2
ERBB2,NCT01966471,2014-01-31,COMPLETED,PHASE3
ERBB2,NCT03752398,2019-05-01,COMPLETED,PHASE1
ERBB2,NCT05730712,2024-03-08,COMPLETED,PHASE2
ERBB2,NCT03330561,2017-09-13,COMPLETED,PHASE1
ERBB2,NCT00574587,2007-12,COMPLETED,PHASE1
ERBB2,NCT02658734,2016-11-01,COMPLETED,PHASE4
ERBB2,NCT05188209,2021-12-31,TERMINATED,PHASE2
ERBB2,NCT04433221,2027-07-01,NOT_YET_RECRUITING,PHASE1
ERBB2,NCT03366428,2017-12-26,COMPLETED,PHASE1
ERBB2,NCT06550063,2024-08-20,UNKNOWN,
ERBB2,NCT04831528,2021-04-10,UNKNOWN,
ERBB2,NCT06660511,2024-10-15,RECRUITING,EARLY_PHASE1
ERBB2,NCT02689284,2016-01,COMPLETED,PHASE1
ERBB2,NCT04075604,2019-10-18,COMPLETED,PHASE2
ERBB2,NCT02152943,2014-07-17,COMPLETED,PHASE1
ERBB2,NCT01853748,2013-05,COMPLETED,PHASE2
ERBB2,NCT01025349,2005-01,COMPLETED,PHASE2
ERBB2,NCT00968968,2010-01-20,TERMINATED,PHASE3
ERBB2,NCT03847168,2019-06-18,UNKNOWN,PHASE1
ERBB2,NCT07441460,2026-03-06,RECRUITING,PHASE3
ERBB2,NCT00189579,,TERMINATED,PHASE2
ERBB2,NCT07529613,2023-12-20,COMPLETED,PHASE1
ERBB2,NCT06539559,2024-08-01,UNKNOWN,PHASE2
ERBB2,NCT01235897,2011-03,COMPLETED,PHASE1
ERBB2,NCT05810103,2023-04-06,UNKNOWN,PHASE1
ERBB2,NCT03451162,2018-04-17,COMPLETED,PHASE1
ERBB2,NCT02213042,2014-10-24,TERMINATED,PHASE2
ERBB2,NCT07343986,2026-03-23,RECRUITING,PHASE1
ERBB2,NCT00004074,1999-08,COMPLETED,PHASE1
ERBB2,NCT06100874,2023-11-20,ACTIVE_NOT_RECRUITING,PHASE2
ERBB2,NCT01271920,2010-09,COMPLETED,PHASE1
ERBB2,NCT05187182,2023-06-02,RECRUITING,PHASE1
ERBB2,NCT00482391,2007-03,COMPLETED,PHASE2
ERBB2,NCT06390774,2024-05-30,RECRUITING,PHASE1
ERBB2,NCT07608224,2026-06-20,NOT_YET_RECRUITING,PHASE2
ERBB2,NCT02326974,2015-01,ACTIVE_NOT_RECRUITING,PHASE2
ERBB2,NCT06374459,2025-01-30,RECRUITING,PHASE1
ERBB2,NCT04577963,2021-08-09,TERMINATED,PHASE1
ERBB2,NCT06131450,2024-02-29,RECRUITING,PHASE1
ERBB2,NCT05098210,2022-06-09,RECRUITING,PHASE1
ERBB2,NCT04467515,2021-09-14,TERMINATED,PHASE1
ERBB2,NCT03406858,2018-06-07,COMPLETED,PHASE2
ERBB2,NCT02213289,2015-01-20,COMPLETED,PHASE2
ERBB2,NCT04164615,2016-11-24,UNKNOWN,PHASE3
ERBB2,NCT01779050,2013-12-19,TERMINATED,PHASE2
ERBB2,NCT05458674,2024-01-30,ACTIVE_NOT_RECRUITING,PHASE2
ERBB2,NCT01191697,2011-02,COMPLETED,PHASE2
ERBB2,NCT03863223,2019-04-22,UNKNOWN,PHASE3
ERBB2,NCT03088059,2017-11-16,UNKNOWN,PHASE2
ERBB2,NCT07689929,2026-08,NOT_YET_RECRUITING,
ERBB2,NCT01367002,2011-06,COMPLETED,PHASE2
ERBB2,NCT06901531,2025-05-22,RECRUITING,PHASE3
ERBB2,NCT05861895,2023-12-12,RECRUITING,PHASE1
ERBB2,NCT00093834,2004-01,COMPLETED,PHASE1
ERBB2,NCT00433095,,COMPLETED,PHASE2
ERBB2,NCT00928330,2009-07,COMPLETED,PHASE1
ERBB2,NCT00086957,2004-01,COMPLETED,PHASE1
ERBB2,NCT04924699,2021-06-30,UNKNOWN,PHASE2
ERBB2,NCT02250209,2014-07,UNKNOWN,PHASE2
ERBB2,NCT07230977,2025-11-19,RECRUITING,PHASE1
ERBB2,NCT02402712,2015-05-06,COMPLETED,PHASE3
ERBB2,NCT04916119,2021-06-29,UNKNOWN,PHASE1
ERBB2,NCT07384377,2026-02-06,NOT_YET_RECRUITING,PHASE3
ERBB2,NCT04714190,2021-03-24,UNKNOWN,PHASE3
ERBB2,NCT06680596,2025-07-30,ENROLLING_BY_INVITATION,PHASE2
ERBB2,NCT01774786,2013-06-10,COMPLETED,PHASE3
ERBB2,NCT05429294,2022-06-01,UNKNOWN,PHASE2
ERBB2,NCT05420454,2022-07-10,RECRUITING,PHASE4
ERBB2,NCT04492488,2021-05-24,ACTIVE_NOT_RECRUITING,PHASE1
ERBB2,NCT01306942,2011-07,COMPLETED,PHASE1
ERBB2,NCT07503756,2026-04-25,RECRUITING,PHASE2
ERBB2,NCT05555251,2022-07-28,TERMINATED,PHASE1
ERBB2,NCT01998906,2002-05,COMPLETED,PHASE3
ERBB2,NCT06832904,2024-12-03,RECRUITING,PHASE2
ERBB2,NCT05141747,2022-01-19,UNKNOWN,PHASE2
ERBB2,NCT03756064,2019-08-01,UNKNOWN,NA
ERBB2,NCT07366632,2026-01-26,NOT_YET_RECRUITING,PHASE1
ERBB2,NCT05429684,2021-01-01,UNKNOWN,PHASE3
ERBB2,NCT07653685,2026-09-03,RECRUITING,PHASE1
ERBB2,NCT04818333,2021-04-23,UNKNOWN,PHASE1
ERBB2,NCT00796978,2009-02-05,COMPLETED,PHASE2
ERBB2,NCT01159236,2010-09,WITHDRAWN,NA
ERBB2,NCT07281209,2025-12,NOT_YET_RECRUITING,PHASE2
ERBB2,NCT05349409,2022-06-09,UNKNOWN,PHASE2
ERBB2,NCT03829306,2018-06-12,COMPLETED,
ERBB2,NCT07610616,2025-12-28,RECRUITING,
ERBB2,NCT02289833,2014-12-15,COMPLETED,PHASE2
ERBB2,NCT01312389,2011-04,TERMINATED,PHASE1
ERBB2,NCT00637325,2007-11,UNKNOWN,PHASE3
ERBB2,NCT04934514,2021-07-06,UNKNOWN,PHASE1
ERBB2,NCT01152606,2007-08-30,COMPLETED,
ERBB2,NCT04443348,2020-12-16,ACTIVE_NOT_RECRUITING,PHASE2
ERBB2,NCT00054587,2001-06,COMPLETED,PHASE3
ERBB2,NCT03544125,2018-05-03,COMPLETED,PHASE1
ERBB2,NCT05819684,2023-04-18,UNKNOWN,PHASE1
ERBB2,NCT03304080,2017-12-20,ACTIVE_NOT_RECRUITING,PHASE1
ERBB2,NCT04460456,2020-07-27,UNKNOWN,PHASE1
ERBB2,NCT06027983,2026-11-01,NOT_YET_RECRUITING,PHASE1
ERBB2,NCT01285466,2011-01,COMPLETED,PHASE1
ERBB2,NCT00309556,2005-02,COMPLETED,PHASE3
ERBB2,NCT06452394,2025-07-16,RECRUITING,PHASE2
ERBB2,NCT04839510,2021-04-20,UNKNOWN,PHASE2
ERBB2,NCT05940896,2023-06-29,RECRUITING,PHASE1
ERBB2,NCT01785420,2013-05,RECRUITING,PHASE3
ERBB2,NCT04884282,2021-10-12,ACTIVE_NOT_RECRUITING,PHASE2
ERBB2,NCT00016367,1999-05-13,COMPLETED,PHASE2
ERBB2,NCT00951665,2009-08,COMPLETED,PHASE1
ERBB2,NCT04905667,2019-11-13,COMPLETED,PHASE1
ERBB2,NCT05749016,2021-11-01,UNKNOWN,PHASE2
ERBB2,NCT00954512,2009-09-25,TERMINATED,PHASE1
ERBB2,NCT03285607,2018-09-30,WITHDRAWN,PHASE1
ERBB2,NCT02101879,2014-05,UNKNOWN,
ERBB2,NCT07565324,2026-04-30,NOT_YET_RECRUITING,PHASE2
ERBB2,NCT06112379,2023-11-14,ACTIVE_NOT_RECRUITING,PHASE3
ERBB2,NCT01120561,2010-05,NO_LONGER_AVAILABLE,
ERBB2,NCT00509769,2007-07,COMPLETED,PHASE2
ERBB2,NCT01256762,2010-11,COMPLETED,PHASE2
ERBB2,NCT03650894,2019-04-03,ACTIVE_NOT_RECRUITING,PHASE2
ERBB2,NCT01423123,2011-05,COMPLETED,PHASE1
ERBB2,NCT00024154,2002-02,COMPLETED,PHASE2
ERBB2,NCT02774681,2016-08-31,TERMINATED,PHASE2
ERBB2,NCT02564900,2015-09-01,COMPLETED,PHASE1
ERBB2,NCT00068757,2003-08,COMPLETED,PHASE1
ERBB2,NCT06114511,2024-04-24,ACTIVE_NOT_RECRUITING,PHASE1
ERBB2,NCT03062007,2016-09,TERMINATED,PHASE1
ERBB2,NCT00545077,2007-11-06,COMPLETED,PHASE3
ERBB2,NCT01275677,2011-02-08,COMPLETED,PHASE3
ERBB2,NCT04400695,2020-09-29,RECRUITING,PHASE3
ERBB2,NCT07047365,2025-07-25,RECRUITING,PHASE3
ERBB2,NCT01891357,2013-09-30,TERMINATED,PHASE2
ERBB2,NCT00004856,2002-07,TERMINATED,PHASE2
ERBB2,NCT03272477,2017-10-05,COMPLETED,PHASE2
ERBB2,NCT05076695,2021-10-15,UNKNOWN,PHASE2
ERBB2,NCT07335081,2024-02-01,RECRUITING,PHASE2
ERBB2,NCT06435429,2024-08-13,RECRUITING,PHASE3
ERBB2,NCT01234402,2011-03,COMPLETED,PHASE2
ERBB2,NCT05510037,2021-01-01,COMPLETED,
ERBB2,NCT05041972,2021-11-05,WITHDRAWN,PHASE2
ERBB2,NCT06846437,2025-02-18,RECRUITING,PHASE3
ERBB2,NCT07340164,2026-02-26,RECRUITING,PHASE2
ERBB2,NCT01688609,2012-07,COMPLETED,PHASE2
ERBB2,NCT03588533,2018-06-10,UNKNOWN,PHASE2
ERBB2,NCT02488564,2014-12-17,COMPLETED,PHASE2
ERBB2,NCT06311214,2025-03-18,RECRUITING,PHASE2
ERBB2,NCT01041404,2005-09,COMPLETED,PHASE3
ERBB2,NCT07685704,2026-07,NOT_YET_RECRUITING,PHASE2
ERBB2,NCT02297698,2014-10,COMPLETED,PHASE2
ERBB2,NCT03925233,2019-01-02,UNKNOWN,
ERBB2,NCT00820547,2009-01,COMPLETED,PHASE2
ERBB2,NCT06413615,2024-05-13,UNKNOWN,PHASE2
ERBB2,NCT05234606,2022-03,WITHDRAWN,PHASE1
ERBB2,NCT02229149,2014-12,TERMINATED,PHASE2
ERBB2,NCT03013504,2018-02-19,COMPLETED,PHASE3
ERBB2,NCT03842085,2019-04-11,RECRUITING,PHASE1
ERBB2,NCT02320435,2015-02-02,ACTIVE_NOT_RECRUITING,PHASE3
ERBB2,NCT01679743,2012-08-29,WITHDRAWN,PHASE2
ERBB2,NCT05883852,2023-06-07,RECRUITING,PHASE3
ERBB2,NCT00242203,2002-10,COMPLETED,PHASE2
ERBB2,NCT02131064,2014-06-25,COMPLETED,PHASE3
ERBB2,NCT07115095,2021-01-01,COMPLETED,NA
ERBB2,NCT05594095,2022-12-30,RECRUITING,PHASE2
ERBB2,NCT06226766,2024-01-18,TERMINATED,PHASE1
ERBB2,NCT03384940,2018-02-23,COMPLETED,PHASE2
ERBB2,NCT04189211,2017-03-07,UNKNOWN,PHASE1
ERBB2,NCT04389632,2020-06-08,RECRUITING,PHASE1
ERBB2,NCT04941885,2021-06-25,UNKNOWN,PHASE2
ERBB2,NCT04681287,2021-04-23,UNKNOWN,PHASE2
ERBB2,NCT00146549,2001-08,COMPLETED,PHASE3
ERBB2,NCT04585958,2021-05-21,RECRUITING,PHASE1
ERBB2,NCT00868634,2009-02,COMPLETED,PHASE3
ERBB2,NCT05629949,2020-04-29,COMPLETED,PHASE3
ERBB2,NCT04740918,2021-06-07,TERMINATED,PHASE3
ERBB2,NCT06098898,2023-11-01,UNKNOWN,EARLY_PHASE1
ERBB2,NCT01148849,2010-07,COMPLETED,PHASE1
ERBB2,NCT01104935,2009-10-28,COMPLETED,PHASE3
ERBB2,NCT00964704,2011-03,WITHDRAWN,PHASE2
ERBB2,NCT06328738,2024-05-30,ACTIVE_NOT_RECRUITING,PHASE1
ERBB2,NCT03767335,2018-11-13,COMPLETED,PHASE1
ERBB2,NCT07471776,2026-03-11,RECRUITING,PHASE2
ERBB2,NCT00140140,2005-08,TERMINATED,PHASE1
ERBB2,NCT07416058,2026-01-31,NOT_YET_RECRUITING,PHASE2
ERBB2,NCT00623233,2008-03,COMPLETED,PHASE2
ERBB2,NCT03326258,2018-04-20,WITHDRAWN,PHASE1
ERBB2,NCT03014076,2008-01,COMPLETED,PHASE1
ERBB2,NCT02806817,2016-07,COMPLETED,EARLY_PHASE1
ERBB2,NCT05357417,2022-04-29,UNKNOWN,PHASE2
ERBB2,NCT03219268,2017-08-18,COMPLETED,PHASE1
ERBB2,NCT07664150,2026-06-18,RECRUITING,PHASE1
ERBB2,NCT00398489,2006-10,UNKNOWN,PHASE2
ERBB2,NCT03383692,2018-01-12,COMPLETED,PHASE1
ERBB2,NCT03979911,2019-01-22,UNKNOWN,
ERBB2,NCT00301899,2005-12,COMPLETED,PHASE2
ERBB2,NCT07692204,2026-07-01,RECRUITING,PHASE2
ERBB2,NCT05911958,2023-07-05,RECRUITING,PHASE2
ERBB2,NCT00703326,2008-08-06,COMPLETED,PHASE3
ERBB2,NCT03169738,2018-02,WITHDRAWN,PHASE1
ERBB2,NCT00553358,2008-01-05,COMPLETED,PHASE3
ERBB2,NCT05372614,2022-10-05,RECRUITING,PHASE1
ERBB2,NCT02752685,2016-06,ACTIVE_NOT_RECRUITING,PHASE2
ERBB2,NCT07036185,2025-06-24,NOT_YET_RECRUITING,PHASE1
ERBB2,NCT01042925,2010-02,COMPLETED,PHASE1
ERBB2,NCT00486668,2007-07,UNKNOWN,PHASE3
ERBB2,NCT07379268,2025-01-01,RECRUITING,
ERBB2,NCT05894824,2024-02-05,RECRUITING,PHASE1
ERBB2,NCT03337724,2018-01-06,COMPLETED,PHASE3
ERBB2,NCT07618923,2026-06,NOT_YET_RECRUITING,PHASE2
ERBB2,NCT07405476,2026-04-07,RECRUITING,PHASE2
ERBB2,NCT00372424,2006-12,COMPLETED,PHASE1
ERBB2,NCT02419742,2015-08-18,COMPLETED,PHASE4
ERBB2,NCT03084926,2017-08-08,COMPLETED,PHASE1
ERBB2,NCT00629278,2007-12,UNKNOWN,PHASE3
ERBB2,NCT01426880,2011-08,COMPLETED,PHASE2
ERBB2,NCT01431196,2011-02,COMPLETED,PHASE2
ERBB2,NCT05311189,2022-04-15,UNKNOWN,PHASE2
ERBB2,NCT05681780,2023-03-10,RECRUITING,PHASE1
ERBB2,NCT00452140,2007-03,TERMINATED,PHASE2
ERBB2,NCT05188313,2022-03-09,RECRUITING,PHASE3
ERBB2,NCT01265927,2011-01,COMPLETED,PHASE1
ERBB2,NCT04501770,2018-09-27,COMPLETED,PHASE1
ERBB2,NCT07512583,2026-05-27,RECRUITING,PHASE1
ERBB2,NCT01620970,2012-03-01,COMPLETED,PHASE2
ERBB2,NCT05144854,2021-11-05,ACTIVE_NOT_RECRUITING,PHASE3
ERBB2,NCT03591276,2019-04-18,RECRUITING,PHASE1
ERBB2,NCT00943410,2000-03,COMPLETED,PHASE2
ERBB2,NCT07402473,2026-03-26,RECRUITING,PHASE2
ERBB2,NCT06112041,2023-10-25,NOT_YET_RECRUITING,PHASE2
ERBB2,NCT07393425,2026-02-02,RECRUITING,PHASE2
ERBB2,NCT05515796,2022-09-01,COMPLETED,PHASE2
ERBB2,NCT04389073,2020-04-01,UNKNOWN,PHASE2
ERBB2,NCT07520760,2026-04-01,RECRUITING,PHASE2
ERBB2,NCT07294508,2026-02-27,RECRUITING,PHASE2
ERBB2,NCT04802759,2021-06-22,RECRUITING,PHASE1
ERBB2,NCT02470559,2015-06,WITHDRAWN,PHASE1
ERBB2,NCT06881017,2025-05-01,NOT_YET_RECRUITING,PHASE2
ERBB2,NCT04309578,2020-03-12,COMPLETED,PHASE2
ERBB2,NCT04495296,2020-08-13,RECRUITING,PHASE1
ERBB2,NCT00670982,2008-05,COMPLETED,PHASE2
ERBB2,NCT04066790,2019-09-09,TERMINATED,PHASE2
ERBB2,NCT05912062,2021-03-22,UNKNOWN,
ERBB2,NCT05141786,2021-12,UNKNOWN,PHASE2
ERBB2,NCT02705859,2016-04,COMPLETED,PHASE1
ERBB2,NCT05965479,2024-04-10,RECRUITING,PHASE2
ERBB2,NCT02030561,2014-01,UNKNOWN,PHASE1
ERBB2,NCT02598310,2015-11,TERMINATED,PHASE2
ERBB2,NCT03680560,2019-03-13,TERMINATED,PHASE1
ERBB2,NCT00774241,2010-01,WITHDRAWN,PHASE4
ERBB2,NCT02754362,2016-11,WITHDRAWN,PHASE2
ERBB2,NCT03284723,2017-11-01,TERMINATED,PHASE1
ERBB2,NCT00768859,2008-09,COMPLETED,PHASE2
ERBB2,NCT06188559,2024-04-10,COMPLETED,PHASE2
ERBB2,NCT00667251,2008-10-07,COMPLETED,PHASE3
ERBB2,NCT00434031,2007-09,WITHDRAWN,PHASE2
ERBB2,NCT05408845,2023-03-03,RECRUITING,PHASE2
ERBB2,NCT05715931,2023-05-30,ACTIVE_NOT_RECRUITING,PHASE2
ERBB2,NCT05253651,2022-10-24,RECRUITING,PHASE3
ERBB2,NCT07610720,2026-06-01,RECRUITING,PHASE2
ERBB2,NCT07207824,2025-12-01,RECRUITING,PHASE3
ERBB2,NCT04146610,2019-11,UNKNOWN,PHASE1
ERBB2,NCT01960023,2013-10,WITHDRAWN,PHASE1
ERBB2,NCT03894007,2019-05-23,TERMINATED,PHASE2
ERBB2,NCT00724360,2006-11,TERMINATED,PHASE2
ERBB2,NCT06224673,2026-06-05,RECRUITING,PHASE2
ERBB2,NCT01816594,2013-09-03,COMPLETED,PHASE2
ERBB2,NCT02725541,2016-03,WITHDRAWN,PHASE2
ERBB2,NCT06378242,2024-06-14,RECRUITING,PHASE1
ERBB2,NCT03983954,2019-10-10,ACTIVE_NOT_RECRUITING,PHASE1
ERBB2,NCT04253561,2020-02-25,COMPLETED,PHASE1
ERBB2,NCT04825288,2021-05-27,COMPLETED,PHASE1
ERBB2,NCT06957561,2025-04-30,NOT_YET_RECRUITING,PHASE1
ERBB2,NCT04551521,2021-10-13,COMPLETED,PHASE2
ERBB2,NCT05476796,2023-06-23,ACTIVE_NOT_RECRUITING,PHASE2
ERBB2,NCT00821886,2009-02,COMPLETED,PHASE2
ERBB2,NCT07285941,2025-01-04,RECRUITING,PHASE2
ERBB2,NCT00398437,2006-09,UNKNOWN,NA
ERBB2,NCT05091528,2022-02-08,TERMINATED,PHASE1
ERBB2,NCT02726399,2016-03-18,TERMINATED,PHASE2
ERBB2,NCT07466303,2026-03-25,NOT_YET_RECRUITING,PHASE2
ERBB2,NCT07032298,2025-07-18,RECRUITING,PHASE1
ERBB2,NCT02344472,2015-09,UNKNOWN,PHASE3
ERBB2,NCT06863818,2022-10-10,ACTIVE_NOT_RECRUITING,
ERBB2,NCT00134680,2000-01,COMPLETED,PHASE2
ERBB2,NCT02731313,2012-07,COMPLETED,
ERBB2,NCT04742153,2021-05-13,UNKNOWN,PHASE2
ERBB2,NCT07428044,2026-02-13,RECRUITING,PHASE2
ERBB2,NCT04303988,2020-03-30,UNKNOWN,PHASE2
ERBB2,NCT02625441,2015-12,ACTIVE_NOT_RECRUITING,PHASE3
ERBB2,NCT05898373,2023-06-07,UNKNOWN,PHASE1
ERBB2,NCT01026142,2010-01-26,COMPLETED,PHASE3
ERBB2,NCT05722886,2023-03-01,RECRUITING,PHASE2
ERBB2,NCT03735966,2018-11-20,COMPLETED,PHASE2
ERBB2,NCT03988036,2020-08-18,COMPLETED,PHASE2
ERBB2,NCT00398567,2007-04-04,COMPLETED,PHASE1
ERBB2,NCT00450892,2007-02,COMPLETED,PHASE1
ERBB2,NCT00004067,2000-02,COMPLETED,PHASE3
ERBB2,NCT07432295,2026-02-11,RECRUITING,PHASE2
ERBB2,NCT06746688,2025-06-03,ACTIVE_NOT_RECRUITING,PHASE1
ERBB2,NCT01004172,2009-11,COMPLETED,PHASE2
ERBB2,NCT06589830,2025-05-13,RECRUITING,PHASE2
ERBB2,NCT00679341,2008-09,COMPLETED,PHASE2
ERBB2,NCT05143229,2022-03-28,ACTIVE_NOT_RECRUITING,PHASE1
ERBB2,NCT00723125,2008-09,COMPLETED,PHASE2
ERBB2,NCT03719833,2018-09-21,COMPLETED,
ERBB2,NCT05523947,2022-08-26,RECRUITING,PHASE1
ERBB2,NCT05480384,2023-07-14,ACTIVE_NOT_RECRUITING,PHASE2
ERBB2,NCT06299852,2022-07-01,UNKNOWN,NA
ERBB2,NCT00148668,2003-12,COMPLETED,PHASE2
ERBB2,NCT07095023,2025-08-15,RECRUITING,NA
ERBB2,NCT05132582,2022-03-07,ACTIVE_NOT_RECRUITING,PHASE3
ERBB2,NCT01401959,2011-09-23,COMPLETED,PHASE2
ERBB2,NCT04757090,2021-12-31,WITHDRAWN,PHASE2
ERBB2,NCT00238420,2005-07-26,COMPLETED,PHASE1
ERBB2,NCT06925113,2025-01-31,COMPLETED,
ERBB2,NCT01351350,2011-02-28,COMPLETED,PHASE1
ERBB2,NCT06383559,2023-12-01,UNKNOWN,PHASE2
ERBB2,NCT04418219,2020-12-21,WITHDRAWN,PHASE1
ERBB2,NCT00014430,1999-11,COMPLETED,PHASE1
ERBB2,NCT00041067,2002-09,COMPLETED,PHASE2
ERBB2,NCT03941730,2019-08-28,ACTIVE_NOT_RECRUITING,PHASE2
ERBB2,NCT03225937,2012-08,UNKNOWN,PHASE2
ERBB2,NCT05115500,2021-11-01,UNKNOWN,PHASE2
ERBB2,NCT03051672,2017-05-22,TERMINATED,PHASE2
ERBB2,NCT01443065,2011-01,COMPLETED,PHASE2
ERBB2,NCT07198724,2025-11-17,RECRUITING,PHASE1
ERBB2,NCT07130344,2025-09,NOT_YET_RECRUITING,NA
ERBB2,NCT04704934,2021-05-21,ACTIVE_NOT_RECRUITING,PHASE3
ERBB2,NCT04285671,2021-01-29,ACTIVE_NOT_RECRUITING,PHASE1
ERBB2,NCT03493854,2018-06-14,COMPLETED,PHASE3
ERBB2,NCT00820222,2009-04-14,COMPLETED,PHASE3
ERBB2,NCT05659056,2022-11-29,UNKNOWN,PHASE2
ERBB2,NCT02721641,1999-06,COMPLETED,PHASE3
ERBB2,NCT05954143,2023-11-30,TERMINATED,PHASE2
ERBB2,NCT00875979,2009-05,COMPLETED,PHASE1
ERBB2,NCT03084237,2016-11,COMPLETED,PHASE3
ERBB2,NCT05656079,2021-07-01,UNKNOWN,NA
ERBB2,NCT01450696,2011-12,TERMINATED,PHASE3
ERBB2,NCT02849496,2017-03-30,ACTIVE_NOT_RECRUITING,PHASE2
ERBB2,NCT00004888,2001-01,COMPLETED,PHASE2
ERBB2,NCT04024462,2020-02-05,COMPLETED,PHASE3
ERBB2,NCT05007379,2021-11-02,RECRUITING,
ERBB2,NCT00003992,1999-08,COMPLETED,PHASE2
ERBB2,NCT02213744,2014-07,TERMINATED,PHASE2
ERBB2,NCT01594177,2012-05,COMPLETED,PHASE2
ERBB2,NCT04908813,2021-09-29,UNKNOWN,PHASE2
ERBB2,NCT05636215,2023-04-04,RECRUITING,PHASE1
ERBB2,NCT00548184,2008-05,COMPLETED,PHASE2
ERBB2,NCT06263543,2024-06-17,RECRUITING,PHASE2
ERBB2,NCT05062889,2023-05-17,SUSPENDED,PHASE2
ERBB2,NCT03588091,2018-07-24,COMPLETED,PHASE3
ERBB2,NCT05608785,2023-01-01,UNKNOWN,PHASE1
ERBB2,NCT07583485,2024-07-01,RECRUITING,
ERBB2,NCT03505710,2018-05-21,TERMINATED,PHASE2
ERBB2,NCT01304784,2011-01,COMPLETED,PHASE1
ERBB2,NCT05461768,2022-08-09,RECRUITING,PHASE1
ERBB2,NCT02562378,2015-10,COMPLETED,PHASE1
ERBB2,NCT05957536,2023-09-19,RECRUITING,PHASE1
ERBB2,NCT00272987,2005-12-13,TERMINATED,PHASE3
ERBB2,NCT03266809,2017-08-01,COMPLETED,
ERBB2,NCT04383275,2020-05-20,ACTIVE_NOT_RECRUITING,PHASE2
ERBB2,NCT04622319,2020-12-04,ACTIVE_NOT_RECRUITING,PHASE3
ERBB2,NCT06510465,2024-08-01,NOT_YET_RECRUITING,PHASE2
ERBB2,NCT05978648,2023-09-20,RECRUITING,PHASE2
ERBB2,NCT04408118,2020-10-05,COMPLETED,PHASE2
ERBB2,NCT00929240,2009-07,COMPLETED,PHASE3
ERBB2,NCT07695259,2026-05-25,RECRUITING,PHASE4
ERBB2,NCT01386580,2011-07,COMPLETED,PHASE1
ERBB2,NCT03947242,2019-06-01,UNKNOWN,NA
FOLR1,NCT05483933,2022-08-18,COMPLETED,PHASE1
FOLR1,NCT07604766,2026-06-26,RECRUITING,PHASE3
FOLR1,NCT06365853,2024-07-29,ACTIVE_NOT_RECRUITING,PHASE2
FOLR1,NCT05579366,2022-12-07,RECRUITING,PHASE1
FOLR1,NCT01609556,2012-06-28,COMPLETED,PHASE1
FOLR1,NCT02872701,2017-05-04,COMPLETED,PHASE2
FOLR1,NCT06400472,2024-05-20,RECRUITING,PHASE1
FOLR1,NCT05887609,2023-10-03,RECRUITING,PHASE2
FOLR1,NCT04928612,2021-11-04,UNKNOWN,PHASE1
FOLR1,NCT07469202,2026-08-15,NOT_YET_RECRUITING,PHASE4
FOLR1,NCT07059845,2025-11-13,RECRUITING,PHASE2
FOLR1,NCT03836157,2019-05-31,WITHDRAWN,PHASE2
FOLR1,NCT03552471,2018-07-12,COMPLETED,PHASE1
FOLR1,NCT07690332,2026-07-20,NOT_YET_RECRUITING,
FOLR1,NCT05378737,2022-07-06,COMPLETED,PHASE1
FOLR1,NCT05622591,2024-06-07,WITHDRAWN,PHASE1
FOLR1,NCT07790939,2026-09-01,NOT_YET_RECRUITING,EARLY_PHASE1
FOLR1,NCT06682988,2025-05-28,RECRUITING,PHASE2
FOLR1,NCT06390995,2024-05-20,ACTIVE_NOT_RECRUITING,PHASE1
FOLR1,NCT04241315,2020-03-26,COMPLETED,PHASE3
FOLR1,NCT02631876,2016-03-02,COMPLETED,PHASE3
FOLR1,NCT00762034,2008-12,COMPLETED,PHASE3
FOLR1,NCT01778933,2013-05,COMPLETED,EARLY_PHASE1
FOLR1,NCT07039526,2025-08-19,RECRUITING,PHASE2
FOLR1,NCT00853879,2006-12,TERMINATED,NA
FOLR1,NCT05577715,2022-11-14,TERMINATED,PHASE2
FOLR1,NCT02764333,2016-05-06,COMPLETED,PHASE2
FOLR1,NCT01996072,2013-11,COMPLETED,PHASE1
FOLR1,NCT02996825,2017-03-22,COMPLETED,PHASE1
FOLR1,NCT01231646,2010-10,COMPLETED,
FOLR1,NCT03835819,2020-01-02,ACTIVE_NOT_RECRUITING,PHASE2
FOLR1,NCT05456685,2022-09-28,ACTIVE_NOT_RECRUITING,PHASE2
FOLR1,NCT05200364,2022-03-22,TERMINATED,PHASE1
FOLR1,NCT07816666,2026-09-29,NOT_YET_RECRUITING,PHASE3
FOLR1,NCT05001282,2021-09-13,TERMINATED,PHASE1
FOLR1,NCT07687602,2026-06-30,NOT_YET_RECRUITING,
FOLR1,NCT05041257,2021-10-19,COMPLETED,PHASE2
FOLR1,NCT03754569,2018-06-01,COMPLETED,NA
FOLR1,NCT04209855,2019-12-31,COMPLETED,PHASE3
FOLR1,NCT00755664,2007-07,COMPLETED,PHASE3
FOLR1,NCT07480954,2026-02-04,RECRUITING,PHASE1
FOLR1,NCT02606305,2016-03-02,COMPLETED,PHASE1
FOLR1,NCT04941378,2022-05-28,WITHDRAWN,PHASE1
FOLR1,NCT01778920,2012-04,COMPLETED,PHASE1
FOLR1,NCT03748186,2019-02-01,COMPLETED,PHASE1
FOLR1,NCT06555744,2024-10-30,ACTIVE_NOT_RECRUITING,PHASE1
FOLR1,NCT03386942,2017-11-28,COMPLETED,PHASE1
FOLR1,NCT04300556,2020-08-06,RECRUITING,PHASE1
FOLR1,NCT04606914,2021-05-27,RECRUITING,PHASE2
FOLR1,NCT07825753,2026-09-10,NOT_YET_RECRUITING,PHASE2
FOLR1,NCT01689727,2002-09,COMPLETED,PHASE2
FOLR1,NCT07116057,2025-10-07,RECRUITING,PHASE1
FOLR1,NCT05613088,2023-02-01,COMPLETED,PHASE2
FOLR1,NCT07218809,2025-12-29,RECRUITING,PHASE3
FOLR1,NCT06555263,2024-08-21,WITHDRAWN,PHASE2
FOLR1,NCT06619236,2025-02-07,ACTIVE_NOT_RECRUITING,PHASE3
FOLR1,NCT05870748,2023-07-12,TERMINATED,PHASE2
FOLR1,NCT00308269,2006-03,COMPLETED,PHASE1
FOLR1,NCT05498597,2023-01-25,UNKNOWN,PHASE1
FOLR1,NCT06679582,2024-12-04,TERMINATED,PHASE1
FOLR1,NCT04296890,2020-07-23,COMPLETED,PHASE3
FOLR1,NCT06890338,2025-11-21,RECRUITING,PHASE2
FOLR1,NCT05622890,2022-08-18,UNKNOWN,PHASE3
FOLR1,NCT07213804,2025-10-22,RECRUITING,PHASE3
FOLR1,NCT05445778,2023-03-15,ACTIVE_NOT_RECRUITING,PHASE3
FOLR1,NCT07617753,2026-03-02,RECRUITING,PHASE1
TNFRSF17,NCT05976555,2026-05-15,RECRUITING,PHASE1
TNFRSF17,NCT06420076,2024-07-10,RECRUITING,PHASE1
TNFRSF17,NCT07609485,2021-02-18,RECRUITING,
TNFRSF17,NCT07094048,2026-01-05,RECRUITING,PHASE4
TNFRSF17,NCT07490041,2026-03-19,RECRUITING,EARLY_PHASE1
TNFRSF17,NCT07829614,2025-10-30,RECRUITING,PHASE1
TNFRSF17,NCT03455972,2018-02-20,ACTIVE_NOT_RECRUITING,PHASE1
TNFRSF17,NCT03548207,2018-06-29,COMPLETED,PHASE1
TNFRSF17,NCT06897930,2025-04-21,RECRUITING,PHASE1
TNFRSF17,NCT07283315,2025-12-03,RECRUITING,EARLY_PHASE1
TNFRSF17,NCT06251076,2024-11-19,RECRUITING,PHASE4
TNFRSF17,NCT03448978,2018-03-08,TERMINATED,PHASE1
TNFRSF17,NCT06681337,2024-11-25,NOT_YET_RECRUITING,EARLY_PHASE1
TNFRSF17,NCT07333430,2026-01-15,RECRUITING,PHASE1
TNFRSF17,NCT05243212,2021-09-19,RECRUITING,PHASE1
TNFRSF17,NCT05302648,2022-02-09,ACTIVE_NOT_RECRUITING,EARLY_PHASE1
TNFRSF17,NCT07689578,2026-07-30,RECRUITING,PHASE4
TNFRSF17,NCT07110844,2025-11-07,RECRUITING,PHASE2
TNFRSF17,NCT06792799,2025-01-30,RECRUITING,EARLY_PHASE1
TNFRSF17,NCT05979363,2023-08-14,RECRUITING,PHASE2
TNFRSF17,NCT07585760,2026-09-10,RECRUITING,PHASE2
TNFRSF17,NCT07523555,2026-03-02,RECRUITING,PHASE1
TNFRSF17,NCT05412329,2022-06-13,UNKNOWN,PHASE1
TNFRSF17,NCT04943302,2022-09-01,WITHDRAWN,PHASE2
TNFRSF17,NCT07222761,2026-01-02,RECRUITING,PHASE3
TNFRSF17,NCT03752541,2019-11-01,SUSPENDED,NA
TNFRSF17,NCT03338972,2017-11-29,COMPLETED,PHASE1
TNFRSF17,NCT07391605,2026-04-28,RECRUITING,PHASE2
TNFRSF17,NCT07055724,2025-07,NOT_YET_RECRUITING,PHASE2
TNFRSF17,NCT05270928,2022-04-27,COMPLETED,PHASE1
TNFRSF17,NCT03975907,2019-06-10,UNKNOWN,PHASE1
TNFRSF17,NCT07586267,2026-05-08,RECRUITING,EARLY_PHASE1
TNFRSF17,NCT07681596,2026-07-27,RECRUITING,PHASE1
TNFRSF17,NCT06588660,2024-12-18,TERMINATED,PHASE1
TNFRSF17,NCT07249073,2025-03-28,RECRUITING,EARLY_PHASE1
TNFRSF17,NCT06097455,2024-01-15,NOT_YET_RECRUITING,EARLY_PHASE1
TNFRSF17,NCT07765524,2026-08,NOT_YET_RECRUITING,PHASE1
TNFRSF17,NCT07139509,2024-10-03,RECRUITING,PHASE1
TNFRSF17,NCT04923893,2021-08-19,ACTIVE_NOT_RECRUITING,PHASE3
TNFRSF17,NCT04892264,2021-06-03,TERMINATED,PHASE1
TNFRSF17,NCT03271632,2026-12-31,NOT_YET_RECRUITING,PHASE1
TNFRSF17,NCT07791498,2027-02-19,NOT_YET_RECRUITING,PHASE2
TNFRSF17,NCT05893693,2023-04-12,UNKNOWN,NA
TNFRSF17,NCT03430011,2018-02-01,COMPLETED,PHASE1
TNFRSF17,NCT07322159,2026-01-15,NOT_YET_RECRUITING,EARLY_PHASE1
TNFRSF17,NCT02561962,2015-11-20,COMPLETED,PHASE1
TNFRSF17,NCT05266768,2022-04-28,UNKNOWN,PHASE1
TNFRSF17,NCT06203912,2024-03-05,COMPLETED,PHASE1
TNFRSF17,NCT07489534,2025-09-29,RECRUITING,PHASE2
TNFRSF17,NCT06413498,2024-08-23,ACTIVE_NOT_RECRUITING,PHASE3
TNFRSF17,NCT05376345,2022-09-01,COMPLETED,PHASE1
TNFRSF17,NCT07115667,2025-08-25,RECRUITING,PHASE2
TNFRSF17,NCT06888856,2025-03-19,NOT_YET_RECRUITING,
TNFRSF17,NCT03090659,2015-10-02,UNKNOWN,PHASE1
TNFRSF17,NCT04146051,2019-12-04,ACTIVE_NOT_RECRUITING,PHASE2
TNFRSF17,NCT07350837,2026-01-28,RECRUITING,EARLY_PHASE1
TNFRSF17,NCT07509086,2025-12-29,RECRUITING,PHASE2
TNFRSF17,NCT04670055,2021-01-01,NOT_YET_RECRUITING,EARLY_PHASE1
TNFRSF17,NCT07185490,2026-02-15,NOT_YET_RECRUITING,EARLY_PHASE1
TNFRSF17,NCT06285279,2024-03-04,RECRUITING,PHASE1
TNFRSF17,NCT07689149,2026-06-30,NOT_YET_RECRUITING,PHASE4
TNFRSF17,NCT00853762,2009-03,TERMINATED,PHASE2
TNFRSF17,NCT07764861,2026-08-15,NOT_YET_RECRUITING,PHASE2
TNFRSF17,NCT04798586,2021-03-22,COMPLETED,PHASE1
TNFRSF17,NCT05740891,2023-03,UNKNOWN,PHASE1
TNFRSF17,NCT04727008,2022-09-21,UNKNOWN,PHASE1
TNFRSF17,NCT06097832,2024-06-05,ACTIVE_NOT_RECRUITING,PHASE1
TNFRSF17,NCT06242249,2024-04-30,UNKNOWN,PHASE1
TNFRSF17,NCT07537049,2026-04-30,NOT_YET_RECRUITING,PHASE1
TNFRSF17,NCT07587125,2026-05-08,RECRUITING,PHASE1
TNFRSF17,NCT07009899,2026-10-01,NOT_YET_RECRUITING,PHASE2
TNFRSF17,NCT04186052,2019-03-08,UNKNOWN,EARLY_PHASE1
TNFRSF17,NCT07324889,2026-01-31,NOT_YET_RECRUITING,PHASE1
TNFRSF17,NCT04003168,2019-07-01,UNKNOWN,PHASE1
TNFRSF17,NCT03758417,2019-01-23,TERMINATED,PHASE2
TNFRSF17,NCT07558850,2026-05-10,RECRUITING,NA
TNFRSF17,NCT06349343,2025-02-10,RECRUITING,PHASE1
TNFRSF17,NCT07003568,2025-05-25,RECRUITING,PHASE1
TNFRSF17,NCT03288493,2017-09-20,TERMINATED,PHASE1
TNFRSF17,NCT04876248,2024-08-19,ACTIVE_NOT_RECRUITING,PHASE2
TNFRSF17,NCT07039578,2025-07-25,RECRUITING,PHASE2
TNFRSF17,NCT07490275,2026-07-01,NOT_YET_RECRUITING,PHASE1
TNFRSF17,NCT04287309,2020-02-28,UNKNOWN,
TNFRSF17,NCT07510100,2026-05-10,NOT_YET_RECRUITING,PHASE1
TNFRSF17,NCT05730036,2023-09-18,RECRUITING,PHASE3
TNFRSF17,NCT07752264,2026-08-15,NOT_YET_RECRUITING,PHASE1
TNFRSF17,NCT07507201,2026-04-01,RECRUITING,EARLY_PHASE1
TNFRSF17,NCT07332507,2027-03-26,RECRUITING,PHASE1
TNFRSF17,NCT05191472,2022-05-03,TERMINATED,PHASE2
TNFRSF17,NCT07224373,2025-12-09,RECRUITING,PHASE1
TNFRSF17,NCT07738822,2026-12,NOT_YET_RECRUITING,PHASE1
TNFRSF17,NCT07407010,2026-06-01,NOT_YET_RECRUITING,PHASE1
TNFRSF17,NCT07729826,2026-09-30,NOT_YET_RECRUITING,PHASE2
TNFRSF17,NCT06793449,2025-02-05,RECRUITING,PHASE2
TNFRSF17,NCT06688435,2025-03-04,RECRUITING,PHASE1
TNFRSF17,NCT04706936,2021-04-01,UNKNOWN,PHASE1
TNFRSF17,NCT07341828,2026-02,NOT_YET_RECRUITING,PHASE1
TNFRSF17,NCT05315778,2022-01-01,UNKNOWN,PHASE2
TNFRSF17,NCT06920433,2025-04-08,RECRUITING,EARLY_PHASE1
TNFRSF17,NCT06348108,2025-07-28,RECRUITING,PHASE1
TNFRSF17,NCT03582033,2018-11-01,TERMINATED,PHASE1
TNFRSF17,NCT02064387,2014-07-29,COMPLETED,PHASE1
TNFRSF17,NCT07107594,2025-01-14,RECRUITING,NA
TNFRSF17,NCT07114432,2025-08,NOT_YET_RECRUITING,PHASE1
TNFRSF17,NCT04093596,2019-09-23,COMPLETED,PHASE1
TNFRSF17,NCT04877080,2021-05-05,WITHDRAWN,PHASE1
TNFRSF17,NCT06983951,2025-02-20,RECRUITING,NA
TNFRSF17,NCT06633042,2024-11-25,NOT_YET_RECRUITING,PHASE1
TNFRSF17,NCT03318861,2017-10-20,TERMINATED,PHASE1
TNFRSF17,NCT05201118,2022-01-01,UNKNOWN,PHASE1
TNFRSF17,NCT07066982,2025-05-29,RECRUITING,PHASE1
TNFRSF17,NCT05950113,2024-03-28,WITHDRAWN,PHASE1
TNFRSF17,NCT07604792,2025-09-25,SUSPENDED,EARLY_PHASE1
TNFRSF17,NCT06986434,2026-04-02,NOT_YET_RECRUITING,EARLY_PHASE1
TNFRSF17,NCT07715136,2025-03-20,RECRUITING,PHASE1
TNFRSF17,NCT07071909,2025-01-20,WITHDRAWN,PHASE1
TNFRSF17,NCT06235229,2023-12-26,RECRUITING,PHASE1
TNFRSF17,NCT04637269,2020-11-17,UNKNOWN,EARLY_PHASE1
TNFRSF17,NCT06428188,2024-05-29,RECRUITING,PHASE1
TNFRSF17,NCT07789522,2026-10-01,NOT_YET_RECRUITING,PHASE2
TNFRSF17,NCT06973356,2025-08-16,RECRUITING,NA
TNFRSF17,NCT07687004,2026-08-01,NOT_YET_RECRUITING,PHASE1
TNFRSF17,NCT05263817,2021-10-08,UNKNOWN,EARLY_PHASE1
TNFRSF17,NCT03492268,2021-11-01,WITHDRAWN,NA
TNFRSF17,NCT04935580,2021-06-28,UNKNOWN,PHASE1
TNFRSF17,NCT07303790,2026-03-09,RECRUITING,EARLY_PHASE1
TNFRSF17,NCT04484623,2020-10-01,ACTIVE_NOT_RECRUITING,PHASE3
TNFRSF17,NCT07274059,2025-03-26,RECRUITING,EARLY_PHASE1
TNFRSF17,NCT04720313,2021-01-01,ACTIVE_NOT_RECRUITING,PHASE1
TNFRSF17,NCT02959658,2016-12,COMPLETED,PHASE2
TNFRSF17,NCT07151690,2025-09-04,RECRUITING,PHASE2
TNFRSF17,NCT03767751,2018-12-05,UNKNOWN,PHASE1
TNFRSF17,NCT06333275,2023-11-14,RECRUITING,
TNFRSF17,NCT07746453,2026-08-31,NOT_YET_RECRUITING,NA
TNFRSF17,NCT07729995,2026-10,NOT_YET_RECRUITING,PHASE1
TNFRSF17,NCT06623630,2024-12-04,RECRUITING,PHASE1
TNFRSF17,NCT06435897,2027-06-30,NOT_YET_RECRUITING,PHASE1
TNFRSF17,NCT03828292,2019-03-14,COMPLETED,PHASE1
TNFRSF17,NCT07070934,2025-07-15,NOT_YET_RECRUITING,PHASE2
TNFRSF17,NCT06359509,2024-04,NOT_YET_RECRUITING,EARLY_PHASE1
TNFRSF17,NCT03287804,2017-05-05,TERMINATED,PHASE1
TNFRSF17,NCT05836896,2024-02-15,RECRUITING,PHASE1
TNFRSF17,NCT07081646,2025-08-18,RECRUITING,PHASE1
TNFRSF17,NCT05850286,2023-04-21,ACTIVE_NOT_RECRUITING,PHASE2
TNFRSF17,NCT06787989,2024-08-31,RECRUITING,PHASE1
TNFRSF17,NCT07825389,2027-02,NOT_YET_RECRUITING,PHASE1
TNFRSF17,NCT06429150,2026-12-31,NOT_YET_RECRUITING,PHASE1
TNFRSF17,NCT03815383,2019-04-11,UNKNOWN,PHASE1
TNFRSF17,NCT06515262,2024-07-01,RECRUITING,NA
TNFRSF17,NCT05459870,2027-06-01,NOT_YET_RECRUITING,PHASE1
TNFRSF17,NCT06277427,2024-02-05,RECRUITING,NA
TNFRSF17,NCT07612787,2026-06-01,NOT_YET_RECRUITING,PHASE1
TNFRSF17,NCT06759181,2024-12-31,RECRUITING,PHASE1
TNFRSF17,NCT06375044,2024-05-24,RECRUITING,PHASE1
TNFRSF17,NCT06371040,2024-07-12,RECRUITING,PHASE1
TNFRSF17,NCT05870917,2023-05-23,ACTIVE_NOT_RECRUITING,PHASE2
TNFRSF17,NCT06963866,2025-05-01,NOT_YET_RECRUITING,PHASE2
TNFRSF17,NCT07455851,2026-03-26,RECRUITING,PHASE1
TNFRSF17,NCT06215118,2024-02-20,ACTIVE_NOT_RECRUITING,PHASE1
TNFRSF17,NCT03602612,2018-09-14,COMPLETED,PHASE1
TNFRSF17,NCT06519565,2024-08-20,RECRUITING,EARLY_PHASE1
TNFRSF17,NCT07106684,2025-08-10,RECRUITING,PHASE2
TNFRSF17,NCT06880393,2025-03-18,RECRUITING,PHASE2
TNFRSF17,NCT04171843,2020-04-30,TERMINATED,PHASE1
TNFRSF17,NCT04662099,2020-03-25,UNKNOWN,PHASE1
TNFRSF17,NCT04133636,2019-11-07,ACTIVE_NOT_RECRUITING,PHASE2
TNFRSF17,NCT06350110,2024-07-10,RECRUITING,PHASE1
TNFRSF17,NCT05978661,2023-08-29,UNKNOWN,PHASE1
TNFRSF17,NCT07155369,2025-03-18,ACTIVE_NOT_RECRUITING,NA
TNFRSF17,NCT06179888,2024-08-27,SUSPENDED,PHASE2
TNFRSF17,NCT05618041,2022-09-07,RECRUITING,NA
TNFRSF17,NCT07361094,2025-11-06,RECRUITING,PHASE1
TNFRSF17,NCT07695740,2026-09,NOT_YET_RECRUITING,PHASE2
TNFRSF17,NCT06940297,2025-09-18,RECRUITING,PHASE2
TNFRSF17,NCT05982275,2024-12-30,NOT_YET_RECRUITING,PHASE1
TNFRSF17,NCT07620275,2026-09-03,RECRUITING,PHASE1
TNFRSF17,NCT06068400,2023-09-21,TERMINATED,NA
TNFRSF17,NCT05325801,2022-04,UNKNOWN,PHASE1
TNFRSF17,NCT06574568,2024-06-14,RECRUITING,PHASE1
TNFRSF17,NCT06249438,2024-03-20,RECRUITING,PHASE1
TNFRSF17,NCT06934447,2025-04-25,RECRUITING,PHASE1
TNFRSF17,NCT06644443,2023-07-15,RECRUITING,PHASE1
TNFRSF17,NCT07085676,2024-09-01,RECRUITING,PHASE1
TNFRSF17,NCT07200089,2026-08-31,RECRUITING,PHASE1
TNFRSF17,NCT07184450,2025-09-01,RECRUITING,PHASE1
TNFRSF17,NCT04617704,2021-12-01,UNKNOWN,EARLY_PHASE1
TNFRSF17,NCT07689058,2026-06-01,RECRUITING,PHASE2
TNFRSF17,NCT04412889,2020-06,UNKNOWN,EARLY_PHASE1
TNFRSF17,NCT02786511,2016-04-28,COMPLETED,
TNFRSF17,NCT04677452,2020-12,UNKNOWN,PHASE1
TNFRSF17,NCT06794008,2024-12-26,RECRUITING,PHASE2
TNFRSF17,NCT05462639,,NO_LONGER_AVAILABLE,
TNFRSF17,NCT05850234,2023-07-20,RECRUITING,PHASE1
TNFRSF17,NCT03751293,2019-01-08,UNKNOWN,PHASE1
TNFRSF17,NCT06698744,2025-09,WITHDRAWN,PHASE1
TNFRSF17,NCT07725406,2026-08-01,NOT_YET_RECRUITING,PHASE1
TNFRSF17,NCT03706547,2018-10-30,UNKNOWN,PHASE1
TNFRSF17,NCT07229144,2025-10-01,RECRUITING,PHASE1
TNFRSF17,NCT04194931,2019-12-01,UNKNOWN,PHASE1
TNFRSF17,NCT02958410,2016-10,UNKNOWN,PHASE1
TNFRSF17,NCT07144462,2025-09-04,RECRUITING,EARLY_PHASE1
TNFRSF17,NCT07246096,2026-02-20,RECRUITING,EARLY_PHASE1
TNFRSF17,NCT06733610,2024-12-05,RECRUITING,PHASE1
TNFRSF17,NCT07342179,2026-02-13,RECRUITING,NA
TNFRSF17,NCT04036461,2019-08-26,TERMINATED,PHASE1
TNFRSF17,NCT06758713,2025-01-15,RECRUITING,PHASE1
TNFRSF17,NCT05474885,2022-04-01,UNKNOWN,PHASE1
TNFRSF17,NCT07626476,2024-12-16,RECRUITING,EARLY_PHASE1
TNFRSF17,NCT06045091,2023-07-04,RECRUITING,EARLY_PHASE1
TNFRSF17,NCT06503224,2024-04-09,RECRUITING,NA
TNFRSF17,NCT07463807,2027-04-12,RECRUITING,PHASE1
TNFRSF17,NCT05828511,2023-12-19,RECRUITING,PHASE1
TNFRSF17,NCT05698303,2023-05-08,UNKNOWN,PHASE1
TNFRSF17,NCT07073547,2025-07-31,RECRUITING,PHASE1
TNFRSF17,NCT07764978,2026-06-26,RECRUITING,PHASE3
TNFRSF17,NCT04394650,2020-08-18,COMPLETED,PHASE1
TNFRSF17,NCT04626752,2020-04-01,UNKNOWN,EARLY_PHASE1
TNFRSF17,NCT06553898,2024-08-13,RECRUITING,PHASE1
TNFRSF17,NCT06659770,2024-10,NOT_YET_RECRUITING,
TNFRSF17,NCT02954445,2016-10,UNKNOWN,PHASE1
TNFRSF17,NCT05981209,2023-12-21,ACTIVE_NOT_RECRUITING,PHASE1
TNFRSF17,NCT07169500,2025-03-03,RECRUITING,PHASE1
TNFRSF17,NCT07328581,2026-09,RECRUITING,PHASE2
TNFRSF17,NCT07409454,2026-07-07,RECRUITING,PHASE2
TNFRSF17,NCT05623020,2022-11-10,RECRUITING,PHASE3
TNFRSF17,NCT06956170,2022-02-10,ACTIVE_NOT_RECRUITING,PHASE3
TNFRSF17,NCT07638683,2026-05-22,RECRUITING,PHASE2
TNFRSF17,NCT05712083,2023-01-30,UNKNOWN,PHASE2
TNFRSF17,NCT07395479,2025-11-21,RECRUITING,EARLY_PHASE1
TNFRSF17,NCT03145181,2017-05-16,ACTIVE_NOT_RECRUITING,PHASE1
TNFRSF17,NCT07790575,2026-09,NOT_YET_RECRUITING,PHASE1
TNFRSF17,NCT06785519,2025-01-31,RECRUITING,EARLY_PHASE1
TNFRSF17,NCT03486067,2018-04-03,TERMINATED,PHASE1
TNFRSF17,NCT07696481,2026-08-01,NOT_YET_RECRUITING,EARLY_PHASE1
TNFRSF17,NCT04398745,2020-10-09,ACTIVE_NOT_RECRUITING,PHASE1
TNFRSF17,NCT06057402,2023-10-03,RECRUITING,PHASE4
TNFRSF17,NCT07613411,2026-06-01,NOT_YET_RECRUITING,EARLY_PHASE1
TNFRSF17,NCT07416032,2026-02-20,NOT_YET_RECRUITING,EARLY_PHASE1
TNFRSF17,NCT03559764,2018-06,UNKNOWN,EARLY_PHASE1
TNFRSF17,NCT07295847,2026-01-09,RECRUITING,PHASE1
TNFRSF17,NCT06530849,2024-08-22,ACTIVE_NOT_RECRUITING,PHASE1
TNFRSF17,NCT07075185,2025-07-16,RECRUITING,PHASE1
TNFRSF17,NCT06939166,2025-06-17,RECRUITING,EARLY_PHASE1
TNFRSF17,NCT06830733,2025-04,NOT_YET_RECRUITING,PHASE2
TNFRSF17,NCT07072247,2025-07-07,RECRUITING,PHASE1
TNFRSF17,NCT04696809,2021-02-22,COMPLETED,PHASE1
TNFRSF17,NCT07241468,2025-11-15,RECRUITING,EARLY_PHASE1
TNFRSF17,NCT07195617,2025-10-10,WITHDRAWN,NA
TNFRSF17,NCT07393282,2026-05-21,RECRUITING,PHASE3
TNFRSF17,NCT06717113,2025-04-15,RECRUITING,EARLY_PHASE1
TNFRSF17,NCT06504524,2023-09-01,COMPLETED,
TNFRSF17,NCT07756268,2026-09-16,NOT_YET_RECRUITING,PHASE1
TNFRSF17,NCT06126341,2023-11-03,ACTIVE_NOT_RECRUITING,
TNFRSF17,NCT07740317,2026-10,NOT_YET_RECRUITING,
TNFRSF17,NCT07085559,2025-06-23,RECRUITING,EARLY_PHASE1
TNFRSF17,NCT05030779,2021-09-10,UNKNOWN,EARLY_PHASE1
TNFRSF17,NCT07742215,2026-06-15,RECRUITING,PHASE3
TNFRSF17,NCT07148791,2025-09-05,RECRUITING,PHASE2
TNFRSF17,NCT06947460,2025-04-18,RECRUITING,PHASE1
TNFRSF17,NCT06932562,2025-12-23,RECRUITING,PHASE3
TNFRSF17,NCT04272151,2019-12-01,UNKNOWN,PHASE1
TNFRSF17,NCT07376720,2026-02-15,NOT_YET_RECRUITING,NA
TNFRSF17,NCT04156269,2018-08-31,UNKNOWN,EARLY_PHASE1
TNFRSF17,NCT07109323,2025-03-03,RECRUITING,PHASE1
TNFRSF17,NCT05767359,2023-04-19,ACTIVE_NOT_RECRUITING,PHASE2
TNFRSF17,NCT06900010,2025-04-22,RECRUITING,PHASE2
TNFRSF17,NCT05955508,2024-01-30,ACTIVE_NOT_RECRUITING,PHASE2
TNFRSF17,NCT05396885,2022-07-15,ACTIVE_NOT_RECRUITING,PHASE2
TNFRSF17,NCT07106710,2025-08-10,RECRUITING,PHASE2
TNFRSF17,NCT07416682,2026-04-14,RECRUITING,EARLY_PHASE1
TNFRSF17,NCT06920446,2025-04-03,NOT_YET_RECRUITING,EARLY_PHASE1
TNFRSF17,NCT05066646,2020-04-01,UNKNOWN,PHASE1
TNFRSF17,NCT05032820,2022-01-05,COMPLETED,PHASE2
TNFRSF17,NCT07179679,2025-12-09,RECRUITING,PHASE1
TNFRSF17,NCT07315087,2026-01-01,RECRUITING,PHASE1
TNFRSF17,NCT04795882,2022-04-22,RECRUITING,PHASE1
TNFRSF17,NCT05020236,2021-10-04,RECRUITING,PHASE3
TNFRSF17,NCT06066346,2023-09-27,RECRUITING,PHASE2
TNFRSF17,NCT05150522,2021-07-01,UNKNOWN,PHASE1
TNFRSF17,NCT07258511,2026-02-04,RECRUITING,PHASE3
TNFRSF17,NCT06935474,2026-07,WITHDRAWN,PHASE1
TNFRSF17,NCT03879382,2019-02-27,UNKNOWN,PHASE1
TNFRSF17,NCT06152575,2024-02-08,RECRUITING,PHASE3
TNFRSF17,NCT06223646,2024-01-11,UNKNOWN,PHASE1
TNFRSF17,NCT03664661,2018-04-11,UNKNOWN,PHASE1
TNFRSF17,NCT05257083,2023-10-10,ACTIVE_NOT_RECRUITING,PHASE3
TNFRSF17,NCT07032129,2025-04-29,RECRUITING,PHASE1
TNFRSF17,NCT07266337,2025-12-10,NOT_YET_RECRUITING,EARLY_PHASE1
TNFRSF17,NCT07569757,2026-06,NOT_YET_RECRUITING,PHASE3
TNFRSF17,NCT07315503,2027-12,WITHDRAWN,EARLY_PHASE1
TNFRSF17,NCT06791681,2025-01-27,RECRUITING,EARLY_PHASE1
TNFRSF17,NCT05972135,2023-10-23,RECRUITING,PHASE2
TNFRSF17,NCT07174843,2025-09,RECRUITING,EARLY_PHASE1
TNFRSF17,NCT04601935,2020-10-09,UNKNOWN,PHASE1
TNFRSF17,NCT04650724,2018-10-11,COMPLETED,EARLY_PHASE1
TNFRSF17,NCT06775912,2025-01-03,RECRUITING,EARLY_PHASE1
TNFRSF17,NCT04295018,2019-10-23,UNKNOWN,PHASE1
TNFRSF17,NCT07083960,2025-08-01,RECRUITING,PHASE1
TNFRSF17,NCT03361748,2017-12-13,COMPLETED,PHASE2
TNFRSF17,NCT05117008,2022-07-19,TERMINATED,PHASE2
TNFRSF17,NCT06592222,2024-08-26,COMPLETED,
TNFRSF17,NCT07423572,2026-02-28,NOT_YET_RECRUITING,EARLY_PHASE1
TNFRSF17,NCT07312188,2025-07-02,RECRUITING,PHASE2
TNFRSF17,NCT07185477,2025-09-15,NOT_YET_RECRUITING,EARLY_PHASE1
TNFRSF17,NCT06799611,2025-03-03,RECRUITING,PHASE2
TNFRSF17,NCT06902844,2025-04-05,RECRUITING,NA
TNFRSF17,NCT07631208,2026-10-30,NOT_YET_RECRUITING,PHASE2
TNFRSF17,NCT07757412,2026-09-01,NOT_YET_RECRUITING,PHASE2
TNFRSF17,NCT06655519,2024-10-25,NOT_YET_RECRUITING,PHASE1
TNFRSF17,NCT06745687,2024-12-30,RECRUITING,NA
TNFRSF17,NCT04322292,2019-09-12,COMPLETED,PHASE1
TNFRSF17,NCT05431608,2022-06-20,ACTIVE_NOT_RECRUITING,PHASE1
TNFRSF17,NCT03302403,2017-12-29,UNKNOWN,NA
TNFRSF17,NCT07596680,2026-09-01,NOT_YET_RECRUITING,EARLY_PHASE1
TNFRSF17,NCT07523542,2026-03-02,RECRUITING,PHASE1
TNFRSF17,NCT06464991,2024-03-27,RECRUITING,PHASE3
TNFRSF17,NCT07101705,2025-09-08,RECRUITING,EARLY_PHASE1
TNFRSF17,NCT07115654,2025-08-10,NOT_YET_RECRUITING,PHASE2
TNFRSF17,NCT05228470,2021-12-21,COMPLETED,PHASE2
TNFRSF17,NCT06769555,2025-01-01,WITHDRAWN,NA
TNFRSF17,NCT05546723,2024-03-13,RECRUITING,PHASE1
TNFRSF17,NCT07152223,2025-08-07,WITHDRAWN,NA
TNFRSF17,NCT04447573,2020-06-30,UNKNOWN,NA
TNFRSF17,NCT06941129,2025-02-11,RECRUITING,PHASE1
TNFRSF17,NCT07539233,2026-04-15,NOT_YET_RECRUITING,EARLY_PHASE1
TNFRSF17,NCT07441525,2026-02-03,RECRUITING,EARLY_PHASE1
TNFRSF17,NCT03093168,2017-02-15,UNKNOWN,PHASE1
TNFRSF17,NCT04960579,2022-05-05,ACTIVE_NOT_RECRUITING,PHASE1
TNFRSF17,NCT07530380,2026-04,RECRUITING,EARLY_PHASE1
TNFRSF17,NCT07544160,2026-04-07,NOT_YET_RECRUITING,PHASE1
TNFRSF17,NCT06485232,2025-02-28,NOT_YET_RECRUITING,EARLY_PHASE1
TNFRSF17,NCT07359014,2025-11-01,RECRUITING,NA
TNFRSF17,NCT07828522,2026-10-01,NOT_YET_RECRUITING,PHASE2
TNFRSF17,NCT04309981,2020-05-27,UNKNOWN,PHASE1
TNFRSF17,NCT05513612,2020-08-01,WITHDRAWN,PHASE1
TNFRSF17,NCT06581640,2024-09-24,RECRUITING,PHASE2
TNFRSF17,NCT07377435,2026-01-30,RECRUITING,PHASE1
TNFRSF17,NCT06644118,2024-10-23,RECRUITING,PHASE1
TNFRSF17,NCT07585071,2026-06-15,NOT_YET_RECRUITING,PHASE1
TNFRSF17,NCT03375619,2017-12-01,RECRUITING,
TNFRSF17,NCT03274219,2017-08-16,COMPLETED,PHASE1
TNFRSF17,NCT03269136,2017-11-29,COMPLETED,PHASE1
TNFRSF17,NCT04998747,2023-08-29,WITHDRAWN,PHASE1
TNFRSF17,NCT06279026,2024-04-01,RECRUITING,NA
TNFRSF17,NCT06926985,2025-07-30,WITHDRAWN,EARLY_PHASE1
TNFRSF17,NCT07652138,2025-07-30,RECRUITING,PHASE1
TNFRSF17,NCT05858684,2023-05-11,RECRUITING,EARLY_PHASE1
TNFRSF17,NCT07490951,2026-03-22,RECRUITING,NA
TNFRSF17,NCT07261345,2025-12-19,RECRUITING,EARLY_PHASE1
TNFRSF17,NCT05498545,2022-11-24,TERMINATED,PHASE1
TNFRSF17,NCT04182581,2019-10-15,UNKNOWN,EARLY_PHASE1
TNFRSF17,NCT06399107,2024-08-01,RECRUITING,PHASE1
TNFRSF17,NCT06913192,2025-04-01,NOT_YET_RECRUITING,PHASE1
TNFRSF17,NCT03778346,2018-11-15,UNKNOWN,PHASE1
TNFRSF17,NCT05722418,2023-02-06,RECRUITING,PHASE1
TNFRSF17,NCT06663046,2025-07-01,SUSPENDED,EARLY_PHASE1
TNFRSF17,NCT06497361,2024-07,RECRUITING,EARLY_PHASE1
TNFRSF17,NCT04714827,2021-01-22,UNKNOWN,PHASE1
TNFRSF17,NCT07825064,2026-10-01,RECRUITING,PHASE2
TNFRSF17,NCT07266116,2025-12-26,RECRUITING,PHASE1
TNFRSF17,NCT04603872,2020-11-01,RECRUITING,EARLY_PHASE1
TNFRSF17,NCT07388212,2026-02-23,NOT_YET_RECRUITING,EARLY_PHASE1
TNFRSF17,NCT04557098,2020-09-17,ACTIVE_NOT_RECRUITING,PHASE2
TNFRSF17,NCT05840107,2023-05-04,UNKNOWN,EARLY_PHASE1
TNFRSF17,NCT05887206,2022-05-02,COMPLETED,
TNFRSF17,NCT06421675,2025-03-28,RECRUITING,PHASE2
TNFRSF17,NCT07435779,2026-02-04,RECRUITING,EARLY_PHASE1
TNFRSF17,NCT07280013,2026-02-06,RECRUITING,PHASE1
TNFRSF17,NCT05336383,2022-05-31,RECRUITING,PHASE2
TNFRSF17,NCT05632380,2022-07-14,RECRUITING,PHASE1
TNFRSF17,NCT07611149,2026-09-01,NOT_YET_RECRUITING,PHASE1
TNFRSF17,NCT07203404,2025-07-24,RECRUITING,EARLY_PHASE1
TNFRSF17,NCT06961669,2025-04-16,RECRUITING,NA
TNFRSF17,NCT07410377,2026-03,WITHDRAWN,EARLY_PHASE1
TNFRSF17,NCT06477783,2024-12-01,RECRUITING,
TNFRSF17,NCT05847569,2024-01-04,RECRUITING,PHASE2
TNFRSF17,NCT07789431,2026-10-01,NOT_YET_RECRUITING,PHASE2
TNFRSF17,NCT07679919,2026-09,NOT_YET_RECRUITING,PHASE1
TNFRSF17,NCT03741127,2018-10-29,ACTIVE_NOT_RECRUITING,PHASE1
TNFRSF17,NCT04191941,2019-09-01,UNKNOWN,EARLY_PHASE1
TNFRSF17,NCT07652905,2026-09-15,RECRUITING,PHASE2
TNFRSF17,NCT07742527,2026-10-16,NOT_YET_RECRUITING,PHASE1
TNFRSF17,NCT05090566,2021-10-27,TERMINATED,PHASE2
TNFRSF17,NCT07070960,2025-07-15,NOT_YET_RECRUITING,NA
TNFRSF17,NCT04246047,2020-05-07,ACTIVE_NOT_RECRUITING,PHASE3
TNFRSF17,NCT06056102,2024-05-09,RECRUITING,PHASE1
TNFRSF17,NCT03943472,2019-07-08,UNKNOWN,EARLY_PHASE1
TNFRSF17,NCT07676266,2026-07,NOT_YET_RECRUITING,PHASE1
TNFRSF17,NCT04822337,2021-05-19,ACTIVE_NOT_RECRUITING,PHASE1
TNFRSF17,NCT02558751,2013-07,COMPLETED,EARLY_PHASE1
TNFRSF17,NCT07391657,2026-02-23,RECRUITING,PHASE3
TNFRSF17,NCT05666700,2023-12-08,ACTIVE_NOT_RECRUITING,PHASE1
TNFRSF17,NCT06694298,2024-12-26,NOT_YET_RECRUITING,PHASE1
TNFRSF17,NCT05208307,2022-07-21,RECRUITING,PHASE2
TNFRSF17,NCT07421856,2026-02-01,NOT_YET_RECRUITING,PHASE1
TNFRSF17,NCT06868654,2021-07-28,ACTIVE_NOT_RECRUITING,PHASE3
TNFRSF17,NCT04318327,2020-07-23,TERMINATED,PHASE1
TNFRSF17,NCT07190261,2025-09-18,NOT_YET_RECRUITING,PHASE2
TNFRSF17,NCT05846347,2023-05-15,UNKNOWN,PHASE1
TNFRSF17,NCT06705725,2024-12-26,NOT_YET_RECRUITING,PHASE1
TNFRSF17,NCT06868667,2021-07-28,ACTIVE_NOT_RECRUITING,PHASE3
TNFRSF17,NCT06933563,2025-04,NOT_YET_RECRUITING,EARLY_PHASE1
TNFRSF17,NCT02546167,2015-09-03,COMPLETED,PHASE1
TNFRSF17,NCT03549442,2018-05-09,ACTIVE_NOT_RECRUITING,PHASE1
TNFRSF17,NCT06958939,2025-05-01,ACTIVE_NOT_RECRUITING,PHASE1
TNFRSF17,NCT07121777,2025-08-25,RECRUITING,NA
TNFRSF17,NCT07077330,2025-08-01,NOT_YET_RECRUITING,EARLY_PHASE1
TNFRSF17,NCT07429721,2026-03-03,RECRUITING,EARLY_PHASE1
TNFRSF17,NCT06503107,2024-04-23,RECRUITING,PHASE1
TNFRSF17,NCT07477912,2025-02-01,RECRUITING,PHASE1
TNFRSF17,NCT04649359,2021-02-02,ACTIVE_NOT_RECRUITING,PHASE2
TNFRSF17,NCT07830485,2026-10-15,NOT_YET_RECRUITING,PHASE2
TNFRSF17,NCT04541368,2020-12-31,NOT_YET_RECRUITING,EARLY_PHASE1
TNFRSF17,NCT05204160,2022-04-11,WITHDRAWN,PHASE2
TNFRSF17,NCT07339540,2025-11-04,ACTIVE_NOT_RECRUITING,EARLY_PHASE1
TNFRSF17,NCT07348055,2026-02-02,RECRUITING,PHASE1
TNFRSF17,NCT07298590,2025-12-30,NOT_YET_RECRUITING,EARLY_PHASE1
TNFRSF17,NCT07504289,2026-03-07,NOT_YET_RECRUITING,PHASE1
TNFRSF17,NCT05317416,2022-03-25,ACTIVE_NOT_RECRUITING,PHASE3
TNFRSF17,NCT07034755,2025-07-01,NOT_YET_RECRUITING,NA
TNFRSF17,NCT05846737,2023-05-29,WITHDRAWN,PHASE2
TNFRSF17,NCT05922501,2024-05-31,RECRUITING,PHASE2
TNFRSF17,NCT05014412,2021-10-07,COMPLETED,PHASE2
TNFRSF17,NCT06626919,2025-04-30,RECRUITING,PHASE1
TNFRSF17,NCT03994705,2019-08-01,TERMINATED,PHASE1
TNFRSF17,NCT06067581,2023-08-21,UNKNOWN,EARLY_PHASE1
TNFRSF17,NCT07592754,2026-05-15,NOT_YET_RECRUITING,EARLY_PHASE1
TNFRSF17,NCT05346198,2021-03-12,UNKNOWN,PHASE1
TNFRSF17,NCT05092347,2022-08-02,ACTIVE_NOT_RECRUITING,PHASE1
TNFRSF17,NCT07181941,2026-03-24,RECRUITING,PHASE1
TNFRSF17,NCT04126200,2019-10-07,ACTIVE_NOT_RECRUITING,PHASE1
TNFRSF17,NCT03380039,2017-10-13,UNKNOWN,NA
TNFRSF17,NCT05860036,2023-04-04,ACTIVE_NOT_RECRUITING,PHASE2
TNFRSF17,NCT06185751,2024-08-22,RECRUITING,PHASE1
TNFRSF17,NCT05801939,2023-07-11,ACTIVE_NOT_RECRUITING,PHASE2
TNFRSF17,NCT07735546,2026-10-01,NOT_YET_RECRUITING,PHASE1
TNFRSF17,NCT07420959,2026-10-25,NOT_YET_RECRUITING,PHASE1
TNFRSF17,NCT07458659,2026-06-01,NOT_YET_RECRUITING,EARLY_PHASE1
TNFRSF17,NCT06038474,2024-02-12,ACTIVE_NOT_RECRUITING,PHASE2
TNFRSF17,NCT05932290,2023-06-01,COMPLETED,
TNFRSF17,NCT03767725,2018-06-02,UNKNOWN,PHASE1
TNFRSF17,NCT05594797,2022-07-12,RECRUITING,PHASE2
TNFRSF17,NCT04196491,2020-05-27,COMPLETED,PHASE1
TNFRSF17,NCT04181827,2020-06-12,ACTIVE_NOT_RECRUITING,PHASE3
TNFRSF17,NCT06669247,2024-12-11,RECRUITING,PHASE1
TNFRSF17,NCT04162119,2019-07-07,UNKNOWN,PHASE2
TNFRSF17,NCT05822037,2023-04-12,UNKNOWN,NA
TNFRSF17,NCT07735637,2026-08-25,NOT_YET_RECRUITING,PHASE3
TNFRSF17,NCT07622862,2026-06,NOT_YET_RECRUITING,PHASE1
TNFRSF17,NCT06947473,2026-03-18,RECRUITING,PHASE1
TNFRSF17,NCT04657861,2022-05-03,RECRUITING,EARLY_PHASE1
TNFRSF17,NCT06976437,2025-05-06,RECRUITING,EARLY_PHASE1
TNFRSF17,NCT05182073,2021-11-10,COMPLETED,PHASE1
TNFRSF17,NCT07066995,2025-04-29,RECRUITING,PHASE1
TNFRSF17,NCT05000450,2021-06-06,TERMINATED,PHASE1
TNFRSF17,NCT03761108,2019-01-23,RECRUITING,PHASE1
TNFRSF17,NCT04680468,2021-06-02,ACTIVE_NOT_RECRUITING,PHASE2
TNFRSF17,NCT02215967,2014-08-12,COMPLETED,PHASE1
TNFRSF17,NCT06978738,2025-05,NOT_YET_RECRUITING,PHASE1
TNFRSF17,NCT07003555,2025-05-25,RECRUITING,PHASE1
TNFRSF17,NCT05535244,2022-10-17,ACTIVE_NOT_RECRUITING,PHASE1
TNFRSF17,NCT07337785,2025-12-12,RECRUITING,EARLY_PHASE1
TNFRSF17,NCT06594211,2024-10-09,NOT_YET_RECRUITING,NA
TNFRSF17,NCT03933735,2019-06-24,ACTIVE_NOT_RECRUITING,PHASE1
TNFRSF17,NCT06574126,2024-09-30,RECRUITING,PHASE2
TNFRSF17,NCT03940833,2019-05,UNKNOWN,PHASE1
TNFRSF17,NCT03266692,2018-02-22,TERMINATED,PHASE1
TNFRSF17,NCT07524634,2026-08,NOT_YET_RECRUITING,PHASE2
TNFRSF17,NCT07628595,2026-07-01,NOT_YET_RECRUITING,EARLY_PHASE1
TNFRSF17,NCT05577000,2021-10-18,ACTIVE_NOT_RECRUITING,PHASE1
TNFRSF17,NCT07280793,2025-12-17,NOT_YET_RECRUITING,EARLY_PHASE1
TNFRSF17,NCT04162353,2019-07-01,RECRUITING,PHASE1
TNFRSF17,NCT04846439,2021-04-29,UNKNOWN,PHASE1
TNFRSF17,NCT07765537,2026-08,NOT_YET_RECRUITING,PHASE1
TNFRSF17,NCT07234721,2026-02-01,NOT_YET_RECRUITING,EARLY_PHASE1
TNFRSF17,NCT04271644,2019-04-01,RECRUITING,PHASE1
TNFRSF17,NCT06759948,2025-02-15,NOT_YET_RECRUITING,PHASE1
TNFRSF17,NCT03601078,2018-12-13,COMPLETED,PHASE2
TNFRSF17,NCT07709715,2027-01,NOT_YET_RECRUITING,PHASE3
TNFRSF17,NCT05675449,2022-12-14,ACTIVE_NOT_RECRUITING,PHASE1
TNFRSF17,NCT07248176,2025-04-10,RECRUITING,NA
TNFRSF17,NCT06304636,2024-06-19,TERMINATED,PHASE1
TNFRSF17,NCT05181501,2022-04,NOT_YET_RECRUITING,PHASE1
TNFRSF17,NCT07106736,2025-08-10,RECRUITING,PHASE2
TNFRSF17,NCT07362732,2026-02-01,NOT_YET_RECRUITING,EARLY_PHASE1
TNFRSF17,NCT03039491,2015-09-01,COMPLETED,EARLY_PHASE1
TNFRSF17,NCT07544589,2026-04-13,RECRUITING,PHASE1
TNFRSF17,NCT04714593,2021-01-15,UNKNOWN,PHASE1
TNFRSF17,NCT05646758,2023-03-17,UNKNOWN,PHASE1
TNFRSF17,NCT07726160,2026-07-20,NOT_YET_RECRUITING,PHASE1
TNFRSF17,NCT06369935,2024-06-20,NOT_YET_RECRUITING,
TNFRSF17,NCT07648459,2026-10-01,NOT_YET_RECRUITING,PHASE2
TNFRSF17,NCT07318259,2026-01-26,RECRUITING,PHASE1
TNFRSF17,NCT03672253,2018-07-26,UNKNOWN,PHASE1
TNFRSF17,NCT04453397,,NO_LONGER_AVAILABLE,
TNFRSF17,NCT07200102,2026-03-17,RECRUITING,PHASE1
TNFRSF17,NCT06006741,2027-06-30,NOT_YET_RECRUITING,PHASE1
TNFRSF17,NCT06793475,2025-04-09,RECRUITING,NA
TNFRSF17,NCT07052565,2025-07-20,RECRUITING,NA
TNFRSF17,NCT03070327,2017-02-27,ACTIVE_NOT_RECRUITING,PHASE1
TNFRSF17,NCT06971380,2025-03-01,RECRUITING,PHASE2
TNFRSF17,NCT06980480,2026-01-14,RECRUITING,PHASE3
TNFRSF17,NCT03661554,2018-04-10,UNKNOWN,EARLY_PHASE1
TNFRSF17,NCT07451236,2026-03-18,NOT_YET_RECRUITING,PHASE1
TNFRSF17,NCT06548607,2024-09-14,RECRUITING,EARLY_PHASE1
TNFRSF17,NCT05998928,2023-07-27,UNKNOWN,PHASE2
TNFRSF17,NCT06993675,2025-08-21,RECRUITING,PHASE2
TNFRSF17,NCT05137054,2022-08-17,RECRUITING,PHASE1
TNFRSF17,NCT05430945,2022-06-20,UNKNOWN,EARLY_PHASE1
TNFRSF17,NCT05172596,2022-03-03,TERMINATED,PHASE2
TNFRSF17,NCT04244656,2020-01-22,TERMINATED,PHASE1
TNFRSF17,NCT06732232,2024-12-12,RECRUITING,EARLY_PHASE1
TNFRSF17,NCT04735575,2021-05-20,TERMINATED,PHASE1
TNFRSF17,NCT06999031,2024-09-05,RECRUITING,EARLY_PHASE1
TNFRSF17,NCT05085431,2021-11-05,UNKNOWN,EARLY_PHASE1
TNFRSF17,NCT04561557,2020-09-22,RECRUITING,EARLY_PHASE1
TNFRSF17,NCT07620314,2026-07-16,RECRUITING,PHASE1
TNFRSF17,NCT05509530,2022-05-01,UNKNOWN,PHASE2
TNFRSF17,NCT07444307,2025-12-15,RECRUITING,PHASE1
TNFRSF17,NCT05528887,2021-09-16,UNKNOWN,PHASE1
TNFRSF17,NCT07519187,2026-04-23,RECRUITING,EARLY_PHASE1
TNFRSF17,NCT07364487,2026-01-26,WITHDRAWN,EARLY_PHASE1
TNFRSF17,NCT07751471,2026-07-20,NOT_YET_RECRUITING,PHASE2
TNFRSF17,NCT07392528,2026-03,NOT_YET_RECRUITING,EARLY_PHASE1
TNFRSF17,NCT03502577,2018-05-23,TERMINATED,PHASE1
TNFRSF17,NCT02658929,2015-12-22,COMPLETED,PHASE1
TNFRSF17,NCT06518876,2024-08-31,NOT_YET_RECRUITING,PHASE1
TNFRSF17,NCT07305116,2025-12-01,RECRUITING,PHASE1
TNFRSF17,NCT03322735,2017-12-08,UNKNOWN,PHASE1
TNFRSF17,NCT07816341,2026-10-10,NOT_YET_RECRUITING,PHASE1
TNFRSF17,NCT07250269,2025-10-29,RECRUITING,PHASE1
TNFRSF17,NCT07113496,2025-08,NOT_YET_RECRUITING,PHASE1
TNFRSF17,NCT07234773,2026-03-06,RECRUITING,PHASE1
TNFRSF17,NCT07674147,2026-07,NOT_YET_RECRUITING,EARLY_PHASE1
TNFRSF17,NCT05839626,2023-05-15,TERMINATED,PHASE1
TNFRSF17,NCT06691685,2024-11-18,SUSPENDED,EARLY_PHASE1
TNFRSF17,NCT07586709,2026-05-09,NOT_YET_RECRUITING,EARLY_PHASE1
TNFRSF17,NCT05106387,2023-10-19,RECRUITING,
TNFRSF17,NCT07802717,2026-09-08,RECRUITING,PHASE1
TNFRSF17,NCT03915184,2019-09-25,ACTIVE_NOT_RECRUITING,PHASE1
TNFRSF17,NCT03196414,2016-09,RECRUITING,PHASE1
TNFRSF17,NCT04083534,2019-09-26,COMPLETED,PHASE1
TNFRSF17,NCT04287660,2017-10-19,UNKNOWN,PHASE3
TNFRSF17,NCT03716856,2018-03-23,UNKNOWN,PHASE1
TNFRSF17,NCT06419166,2024-12-01,WITHDRAWN,EARLY_PHASE1
TNFRSF17,NCT04776330,2021-03-07,RECRUITING,PHASE1
TNFRSF17,NCT06497387,2024-07,RECRUITING,EARLY_PHASE1
TNFRSF17,NCT05085444,2021-10-08,UNKNOWN,EARLY_PHASE1
TNFRSF17,NCT05008536,2021-10-01,UNKNOWN,EARLY_PHASE1
TNFRSF17,NCT03711864,2019-02-25,UNKNOWN,PHASE1
TNFRSF17,NCT05085418,2021-11-05,UNKNOWN,EARLY_PHASE1
TNFRSF17,NCT05565391,2022-10-03,COMPLETED,
TNFRSF17,NCT03473496,2018-03-01,TERMINATED,NA
TNFRSF17,NCT05932680,2023-07-05,RECRUITING,PHASE2
TNFRSF17,NCT04155749,2019-12-23,ACTIVE_NOT_RECRUITING,PHASE1
TNFRSF17,NCT07309744,2025-12-20,NOT_YET_RECRUITING,EARLY_PHASE1
TNFRSF17,NCT07175493,2025-11-18,RECRUITING,PHASE1
TNFRSF17,NCT05652530,2022-11-13,UNKNOWN,EARLY_PHASE1
TNFRSF17,NCT07340853,2026-02-28,SUSPENDED,PHASE1
TNFRSF17,NCT06446128,2024-05-07,RECRUITING,EARLY_PHASE1
TNFRSF17,NCT05521802,2022-11-11,RECRUITING,PHASE1
TNFRSF17,NCT04613557,2020-11-16,ACTIVE_NOT_RECRUITING,PHASE1
TNFRSF17,NCT07369895,2025-10-28,RECRUITING,PHASE1
TNFRSF17,NCT07196124,2025-10-10,WITHDRAWN,EARLY_PHASE1
TNFRSF17,NCT07102706,2022-05-27,COMPLETED,PHASE1
TNFRSF17,NCT04236011,2020-01-16,UNKNOWN,EARLY_PHASE1
